model,lead_days,n,hits,misses,false_alarms,base_rate,pod,far,csi,threshold_mm,truth
best_match,1,441,194,15,9,0.47392290249433106,0.9282296650717703,0.04433497536945813,0.8899082568807339,1.0,grid
best_match,2,441,188,21,11,0.47392290249433106,0.8995215311004785,0.05527638190954774,0.8545454545454545,1.0,grid
best_match,3,441,188,21,20,0.47392290249433106,0.8995215311004785,0.09615384615384616,0.8209606986899564,1.0,grid
best_match,4,441,192,17,26,0.47392290249433106,0.9186602870813397,0.11926605504587157,0.8170212765957446,1.0,grid
best_match,5,441,190,19,40,0.47392290249433106,0.9090909090909091,0.17391304347826086,0.7630522088353414,1.0,grid
best_match,6,441,190,19,47,0.47392290249433106,0.9090909090909091,0.19831223628691982,0.7421875,1.0,grid
best_match,7,441,178,31,62,0.47392290249433106,0.8516746411483254,0.25833333333333336,0.6568265682656826,1.0,grid
ecmwf_ifs025,1,441,195,14,10,0.47392290249433106,0.9330143540669856,0.04878048780487805,0.8904109589041096,1.0,grid
ecmwf_ifs025,2,441,189,20,8,0.47392290249433106,0.9043062200956937,0.04060913705583756,0.8709677419354839,1.0,grid
ecmwf_ifs025,3,441,189,20,18,0.47392290249433106,0.9043062200956937,0.08695652173913043,0.8325991189427313,1.0,grid
ecmwf_ifs025,4,441,189,20,25,0.47392290249433106,0.9043062200956937,0.11682242990654206,0.8076923076923077,1.0,grid
ecmwf_ifs025,5,441,192,17,38,0.47392290249433106,0.9186602870813397,0.16521739130434782,0.7773279352226721,1.0,grid
ecmwf_ifs025,6,441,190,19,50,0.47392290249433106,0.9090909090909091,0.20833333333333334,0.7335907335907336,1.0,grid
ecmwf_ifs025,7,441,184,25,61,0.47392290249433106,0.8803827751196173,0.24897959183673468,0.6814814814814815,1.0,grid
gfs_seamless,1,441,173,36,7,0.47392290249433106,0.8277511961722488,0.03888888888888889,0.8009259259259259,1.0,grid
gfs_seamless,2,441,176,33,10,0.47392290249433106,0.8421052631578947,0.053763440860215055,0.8036529680365296,1.0,grid
gfs_seamless,3,441,176,33,12,0.47392290249433106,0.8421052631578947,0.06382978723404255,0.7963800904977375,1.0,grid
gfs_seamless,4,441,169,40,16,0.47392290249433106,0.8086124401913876,0.08648648648648649,0.7511111111111111,1.0,grid
gfs_seamless,5,441,155,54,19,0.47392290249433106,0.7416267942583732,0.10919540229885058,0.6798245614035088,1.0,grid
gfs_seamless,6,441,155,54,30,0.47392290249433106,0.7416267942583732,0.16216216216216217,0.6485355648535565,1.0,grid
gfs_seamless,7,441,154,55,33,0.47392290249433106,0.7368421052631579,0.17647058823529413,0.6363636363636364,1.0,grid
icon_seamless,1,441,181,28,6,0.47392290249433106,0.8660287081339713,0.03208556149732621,0.8418604651162791,1.0,grid
icon_seamless,2,441,188,21,11,0.47392290249433106,0.8995215311004785,0.05527638190954774,0.8545454545454545,1.0,grid
icon_seamless,3,441,190,19,16,0.47392290249433106,0.9090909090909091,0.07766990291262135,0.8444444444444444,1.0,grid
icon_seamless,4,441,187,22,26,0.47392290249433106,0.8947368421052632,0.12206572769953052,0.7957446808510639,1.0,grid
icon_seamless,5,441,190,19,46,0.47392290249433106,0.9090909090909091,0.19491525423728814,0.7450980392156863,1.0,grid
icon_seamless,6,441,194,15,66,0.47392290249433106,0.9282296650717703,0.25384615384615383,0.7054545454545454,1.0,grid
best_match,1,441,137,14,10,0.3424036281179138,0.9072847682119205,0.06802721088435375,0.8509316770186336,10.0,grid
best_match,2,441,137,14,12,0.3424036281179138,0.9072847682119205,0.08053691275167785,0.8404907975460123,10.0,grid
best_match,3,441,137,14,16,0.3424036281179138,0.9072847682119205,0.10457516339869281,0.8203592814371258,10.0,grid
best_match,4,441,130,21,23,0.3424036281179138,0.8609271523178808,0.1503267973856209,0.7471264367816092,10.0,grid
best_match,5,441,121,30,24,0.3424036281179138,0.8013245033112583,0.16551724137931034,0.6914285714285714,10.0,grid
best_match,6,441,118,33,50,0.3424036281179138,0.7814569536423841,0.2976190476190476,0.5870646766169154,10.0,grid
best_match,7,441,115,36,48,0.3424036281179138,0.7615894039735099,0.294478527607362,0.5778894472361809,10.0,grid
ecmwf_ifs025,1,441,141,10,10,0.3424036281179138,0.9337748344370861,0.06622516556291391,0.8757763975155279,10.0,grid
ecmwf_ifs025,2,441,135,16,13,0.3424036281179138,0.8940397350993378,0.08783783783783784,0.823170731707317,10.0,grid
ecmwf_ifs025,3,441,136,15,17,0.3424036281179138,0.9006622516556292,0.1111111111111111,0.8095238095238095,10.0,grid
ecmwf_ifs025,4,441,122,29,22,0.3424036281179138,0.8079470198675497,0.1527777777777778,0.7052023121387283,10.0,grid
ecmwf_ifs025,5,441,128,23,26,0.3424036281179138,0.847682119205298,0.16883116883116883,0.7231638418079096,10.0,grid
ecmwf_ifs025,6,441,122,29,51,0.3424036281179138,0.8079470198675497,0.2947976878612717,0.6039603960396039,10.0,grid
ecmwf_ifs025,7,441,113,38,47,0.3424036281179138,0.7483443708609272,0.29375,0.5707070707070707,10.0,grid
gfs_seamless,1,441,127,24,7,0.3424036281179138,0.8410596026490066,0.05223880597014925,0.8037974683544303,10.0,grid
gfs_seamless,2,441,111,40,12,0.3424036281179138,0.7350993377483444,0.0975609756097561,0.6809815950920245,10.0,grid
gfs_seamless,3,441,116,35,14,0.3424036281179138,0.7682119205298014,0.1076923076923077,0.703030303030303,10.0,grid
gfs_seamless,4,441,107,44,12,0.3424036281179138,0.7086092715231788,0.10084033613445378,0.656441717791411,10.0,grid
gfs_seamless,5,441,82,69,10,0.3424036281179138,0.543046357615894,0.10869565217391304,0.5093167701863354,10.0,grid
gfs_seamless,6,441,79,72,20,0.3424036281179138,0.5231788079470199,0.20202020202020202,0.4619883040935672,10.0,grid
gfs_seamless,7,441,50,101,17,0.3424036281179138,0.33112582781456956,0.2537313432835821,0.2976190476190476,10.0,grid
icon_seamless,1,441,126,25,7,0.3424036281179138,0.8344370860927153,0.05263157894736842,0.7974683544303798,10.0,grid
icon_seamless,2,441,113,38,11,0.3424036281179138,0.7483443708609272,0.08870967741935484,0.6975308641975309,10.0,grid
icon_seamless,3,441,119,32,12,0.3424036281179138,0.7880794701986755,0.0916030534351145,0.7300613496932515,10.0,grid
icon_seamless,4,441,115,36,21,0.3424036281179138,0.7615894039735099,0.15441176470588236,0.6686046511627907,10.0,grid
icon_seamless,5,441,107,44,28,0.3424036281179138,0.7086092715231788,0.2074074074074074,0.5977653631284916,10.0,grid
icon_seamless,6,441,119,32,53,0.3424036281179138,0.7880794701986755,0.3081395348837209,0.5833333333333334,10.0,grid
best_match,1,441,97,16,11,0.2562358276643991,0.8584070796460177,0.10185185185185185,0.782258064516129,20.0,grid
best_match,2,441,99,14,14,0.2562358276643991,0.8761061946902655,0.12389380530973451,0.7795275590551181,20.0,grid
best_match,3,441,92,21,17,0.2562358276643991,0.8141592920353983,0.1559633027522936,0.7076923076923077,20.0,grid
best_match,4,441,80,33,22,0.2562358276643991,0.7079646017699115,0.21568627450980393,0.5925925925925926,20.0,grid
best_match,5,441,78,35,20,0.2562358276643991,0.6902654867256637,0.20408163265306123,0.5864661654135338,20.0,grid
best_match,6,441,70,43,35,0.2562358276643991,0.6194690265486725,0.3333333333333333,0.47297297297297297,20.0,grid
best_match,7,441,66,47,43,0.2562358276643991,0.584070796460177,0.3944954128440367,0.4230769230769231,20.0,grid
ecmwf_ifs025,1,441,100,13,14,0.2562358276643991,0.8849557522123894,0.12280701754385964,0.7874015748031497,20.0,grid
ecmwf_ifs025,2,441,101,12,13,0.2562358276643991,0.8938053097345132,0.11403508771929824,0.8015873015873016,20.0,grid
ecmwf_ifs025,3,441,91,22,20,0.2562358276643991,0.8053097345132744,0.18018018018018017,0.6842105263157895,20.0,grid
ecmwf_ifs025,4,441,76,37,23,0.2562358276643991,0.672566371681416,0.23232323232323232,0.5588235294117647,20.0,grid
ecmwf_ifs025,5,441,82,31,25,0.2562358276643991,0.7256637168141593,0.2336448598130841,0.5942028985507246,20.0,grid
ecmwf_ifs025,6,441,67,46,46,0.2562358276643991,0.5929203539823009,0.40707964601769914,0.42138364779874216,20.0,grid
ecmwf_ifs025,7,441,69,44,46,0.2562358276643991,0.6106194690265486,0.4,0.4339622641509434,20.0,grid
gfs_seamless,1,441,87,26,10,0.2562358276643991,0.7699115044247787,0.10309278350515463,0.7073170731707317,20.0,grid
gfs_seamless,2,441,83,30,14,0.2562358276643991,0.7345132743362832,0.14432989690721648,0.6535433070866141,20.0,grid
gfs_seamless,3,441,81,32,14,0.2562358276643991,0.7168141592920354,0.14736842105263157,0.6377952755905512,20.0,grid
gfs_seamless,4,441,64,49,10,0.2562358276643991,0.5663716814159292,0.13513513513513514,0.5203252032520326,20.0,grid
gfs_seamless,5,441,29,84,9,0.2562358276643991,0.25663716814159293,0.23684210526315788,0.23770491803278687,20.0,grid
gfs_seamless,6,441,15,98,15,0.2562358276643991,0.13274336283185842,0.5,0.1171875,20.0,grid
gfs_seamless,7,441,13,100,8,0.2562358276643991,0.11504424778761062,0.38095238095238093,0.10743801652892562,20.0,grid
icon_seamless,1,441,79,34,6,0.2562358276643991,0.6991150442477876,0.07058823529411765,0.6638655462184874,20.0,grid
icon_seamless,2,441,71,42,12,0.2562358276643991,0.6283185840707964,0.14457831325301204,0.568,20.0,grid
icon_seamless,3,441,82,31,13,0.2562358276643991,0.7256637168141593,0.1368421052631579,0.6507936507936508,20.0,grid
icon_seamless,4,441,74,39,23,0.2562358276643991,0.6548672566371682,0.23711340206185566,0.5441176470588235,20.0,grid
icon_seamless,5,441,70,43,17,0.2562358276643991,0.6194690265486725,0.19540229885057472,0.5384615384615384,20.0,grid
icon_seamless,6,441,79,34,38,0.2562358276643991,0.6991150442477876,0.3247863247863248,0.5231788079470199,20.0,grid
best_match,1,441,189,20,14,0.47392290249433106,0.9043062200956937,0.06896551724137931,0.8475336322869955,1.0,era5
best_match,2,441,187,22,12,0.47392290249433106,0.8947368421052632,0.06030150753768844,0.8461538461538461,1.0,era5
best_match,3,441,188,21,20,0.47392290249433106,0.8995215311004785,0.09615384615384616,0.8209606986899564,1.0,era5
best_match,4,441,193,16,25,0.47392290249433106,0.9234449760765551,0.11467889908256881,0.8247863247863247,1.0,era5
best_match,5,441,187,22,43,0.47392290249433106,0.8947368421052632,0.18695652173913044,0.7420634920634921,1.0,era5
best_match,6,441,190,19,47,0.47392290249433106,0.9090909090909091,0.19831223628691982,0.7421875,1.0,era5
best_match,7,441,178,31,62,0.47392290249433106,0.8516746411483254,0.25833333333333336,0.6568265682656826,1.0,era5
ecmwf_ifs025,1,441,189,20,16,0.47392290249433106,0.9043062200956937,0.07804878048780488,0.84,1.0,era5
ecmwf_ifs025,2,441,187,22,10,0.47392290249433106,0.8947368421052632,0.050761421319796954,0.8538812785388128,1.0,era5
ecmwf_ifs025,3,441,188,21,19,0.47392290249433106,0.8995215311004785,0.09178743961352658,0.8245614035087719,1.0,era5
ecmwf_ifs025,4,441,189,20,25,0.47392290249433106,0.9043062200956937,0.11682242990654206,0.8076923076923077,1.0,era5
ecmwf_ifs025,5,441,188,21,42,0.47392290249433106,0.8995215311004785,0.1826086956521739,0.749003984063745,1.0,era5
ecmwf_ifs025,6,441,192,17,48,0.47392290249433106,0.9186602870813397,0.2,0.7470817120622568,1.0,era5
ecmwf_ifs025,7,441,183,26,62,0.47392290249433106,0.8755980861244019,0.2530612244897959,0.6752767527675276,1.0,era5
gfs_seamless,1,441,174,35,6,0.47392290249433106,0.8325358851674641,0.03333333333333333,0.8093023255813954,1.0,era5
gfs_seamless,2,441,176,33,10,0.47392290249433106,0.8421052631578947,0.053763440860215055,0.8036529680365296,1.0,era5
gfs_seamless,3,441,174,35,14,0.47392290249433106,0.8325358851674641,0.07446808510638298,0.7802690582959642,1.0,era5
gfs_seamless,4,441,169,40,16,0.47392290249433106,0.8086124401913876,0.08648648648648649,0.7511111111111111,1.0,era5
gfs_seamless,5,441,155,54,19,0.47392290249433106,0.7416267942583732,0.10919540229885058,0.6798245614035088,1.0,era5
gfs_seamless,6,441,157,52,28,0.47392290249433106,0.7511961722488039,0.15135135135135136,0.6624472573839663,1.0,era5
gfs_seamless,7,441,155,54,32,0.47392290249433106,0.7416267942583732,0.1711229946524064,0.6431535269709544,1.0,era5
icon_seamless,1,441,181,28,6,0.47392290249433106,0.8660287081339713,0.03208556149732621,0.8418604651162791,1.0,era5
icon_seamless,2,441,191,18,8,0.47392290249433106,0.9138755980861244,0.04020100502512563,0.880184331797235,1.0,era5
icon_seamless,3,441,188,21,18,0.47392290249433106,0.8995215311004785,0.08737864077669903,0.8281938325991189,1.0,era5
icon_seamless,4,441,188,21,25,0.47392290249433106,0.8995215311004785,0.11737089201877934,0.8034188034188035,1.0,era5
icon_seamless,5,441,191,18,45,0.47392290249433106,0.9138755980861244,0.1906779661016949,0.7519685039370079,1.0,era5
icon_seamless,6,441,199,10,61,0.47392290249433106,0.9521531100478469,0.23461538461538461,0.737037037037037,1.0,era5
best_match,1,441,139,11,8,0.3401360544217687,0.9266666666666666,0.05442176870748299,0.879746835443038,10.0,era5
best_match,2,441,138,12,11,0.3401360544217687,0.92,0.0738255033557047,0.8571428571428571,10.0,era5
best_match,3,441,133,17,20,0.3401360544217687,0.8866666666666667,0.13071895424836602,0.7823529411764706,10.0,era5
best_match,4,441,126,24,27,0.3401360544217687,0.84,0.17647058823529413,0.711864406779661,10.0,era5
best_match,5,441,116,34,29,0.3401360544217687,0.7733333333333333,0.2,0.6480446927374302,10.0,era5
best_match,6,441,116,34,52,0.3401360544217687,0.7733333333333333,0.30952380952380953,0.5742574257425742,10.0,era5
best_match,7,441,113,37,50,0.3401360544217687,0.7533333333333333,0.3067484662576687,0.565,10.0,era5
ecmwf_ifs025,1,441,141,9,10,0.3401360544217687,0.94,0.06622516556291391,0.88125,10.0,era5
ecmwf_ifs025,2,441,136,14,12,0.3401360544217687,0.9066666666666666,0.08108108108108109,0.8395061728395061,10.0,era5
ecmwf_ifs025,3,441,137,13,16,0.3401360544217687,0.9133333333333333,0.10457516339869281,0.8253012048192772,10.0,era5
ecmwf_ifs025,4,441,119,31,25,0.3401360544217687,0.7933333333333333,0.1736111111111111,0.68,10.0,era5
ecmwf_ifs025,5,441,126,24,28,0.3401360544217687,0.84,0.18181818181818182,0.7078651685393258,10.0,era5
ecmwf_ifs025,6,441,121,29,52,0.3401360544217687,0.8066666666666666,0.30057803468208094,0.599009900990099,10.0,era5
ecmwf_ifs025,7,441,112,38,48,0.3401360544217687,0.7466666666666667,0.3,0.5656565656565656,10.0,era5
gfs_seamless,1,441,129,21,5,0.3401360544217687,0.86,0.03731343283582089,0.832258064516129,10.0,era5
gfs_seamless,2,441,114,36,9,0.3401360544217687,0.76,0.07317073170731707,0.7169811320754716,10.0,era5
gfs_seamless,3,441,121,29,9,0.3401360544217687,0.8066666666666666,0.06923076923076923,0.7610062893081762,10.0,era5
gfs_seamless,4,441,110,40,9,0.3401360544217687,0.7333333333333333,0.07563025210084033,0.6918238993710691,10.0,era5
gfs_seamless,5,441,81,69,11,0.3401360544217687,0.54,0.11956521739130435,0.5031055900621118,10.0,era5
gfs_seamless,6,441,75,75,24,0.3401360544217687,0.5,0.24242424242424243,0.43103448275862066,10.0,era5
gfs_seamless,7,441,48,102,19,0.3401360544217687,0.32,0.2835820895522388,0.28402366863905326,10.0,era5
icon_seamless,1,441,128,22,5,0.3401360544217687,0.8533333333333334,0.03759398496240601,0.8258064516129032,10.0,era5
icon_seamless,2,441,114,36,10,0.3401360544217687,0.76,0.08064516129032258,0.7125,10.0,era5
icon_seamless,3,441,120,30,11,0.3401360544217687,0.8,0.08396946564885496,0.7453416149068323,10.0,era5
icon_seamless,4,441,117,33,19,0.3401360544217687,0.78,0.13970588235294118,0.6923076923076923,10.0,era5
icon_seamless,5,441,106,44,29,0.3401360544217687,0.7066666666666667,0.21481481481481482,0.5921787709497207,10.0,era5
icon_seamless,6,441,119,31,53,0.3401360544217687,0.7933333333333333,0.3081395348837209,0.5862068965517241,10.0,era5
best_match,1,441,98,16,10,0.2585034013605442,0.8596491228070176,0.09259259259259259,0.7903225806451613,20.0,era5
best_match,2,441,99,15,14,0.2585034013605442,0.868421052631579,0.12389380530973451,0.7734375,20.0,era5
best_match,3,441,92,22,17,0.2585034013605442,0.8070175438596491,0.1559633027522936,0.7022900763358778,20.0,era5
best_match,4,441,79,35,23,0.2585034013605442,0.6929824561403509,0.22549019607843138,0.5766423357664233,20.0,era5
best_match,5,441,78,36,20,0.2585034013605442,0.6842105263157895,0.20408163265306123,0.582089552238806,20.0,era5
best_match,6,441,70,44,35,0.2585034013605442,0.6140350877192983,0.3333333333333333,0.4697986577181208,20.0,era5
best_match,7,441,64,50,45,0.2585034013605442,0.5614035087719298,0.41284403669724773,0.4025157232704403,20.0,era5
ecmwf_ifs025,1,441,103,11,11,0.2585034013605442,0.9035087719298246,0.09649122807017543,0.824,20.0,era5
ecmwf_ifs025,2,441,103,11,11,0.2585034013605442,0.9035087719298246,0.09649122807017543,0.824,20.0,era5
ecmwf_ifs025,3,441,94,20,17,0.2585034013605442,0.8245614035087719,0.15315315315315314,0.7175572519083969,20.0,era5
ecmwf_ifs025,4,441,77,37,22,0.2585034013605442,0.6754385964912281,0.2222222222222222,0.5661764705882353,20.0,era5
ecmwf_ifs025,5,441,83,31,24,0.2585034013605442,0.7280701754385965,0.22429906542056074,0.6014492753623188,20.0,era5
ecmwf_ifs025,6,441,67,47,46,0.2585034013605442,0.5877192982456141,0.40707964601769914,0.41875,20.0,era5
ecmwf_ifs025,7,441,68,46,47,0.2585034013605442,0.5964912280701754,0.40869565217391307,0.422360248447205,20.0,era5
gfs_seamless,1,441,88,26,9,0.2585034013605442,0.7719298245614035,0.09278350515463918,0.7154471544715447,20.0,era5
gfs_seamless,2,441,84,30,13,0.2585034013605442,0.7368421052631579,0.13402061855670103,0.6614173228346457,20.0,era5
gfs_seamless,3,441,81,33,14,0.2585034013605442,0.7105263157894737,0.14736842105263157,0.6328125,20.0,era5
gfs_seamless,4,441,64,50,10,0.2585034013605442,0.5614035087719298,0.13513513513513514,0.5161290322580645,20.0,era5
gfs_seamless,5,441,30,84,8,0.2585034013605442,0.2631578947368421,0.21052631578947367,0.2459016393442623,20.0,era5
gfs_seamless,6,441,17,97,13,0.2585034013605442,0.14912280701754385,0.43333333333333335,0.13385826771653545,20.0,era5
gfs_seamless,7,441,13,101,8,0.2585034013605442,0.11403508771929824,0.38095238095238093,0.10655737704918032,20.0,era5
icon_seamless,1,441,79,35,6,0.2585034013605442,0.6929824561403509,0.07058823529411765,0.6583333333333333,20.0,era5
icon_seamless,2,441,75,39,8,0.2585034013605442,0.6578947368421053,0.0963855421686747,0.6147540983606558,20.0,era5
icon_seamless,3,441,80,34,15,0.2585034013605442,0.7017543859649122,0.15789473684210525,0.6201550387596899,20.0,era5
icon_seamless,4,441,72,42,25,0.2585034013605442,0.631578947368421,0.25773195876288657,0.5179856115107914,20.0,era5
icon_seamless,5,441,69,45,18,0.2585034013605442,0.6052631578947368,0.20689655172413793,0.5227272727272727,20.0,era5
icon_seamless,6,441,80,34,37,0.2585034013605442,0.7017543859649122,0.3162393162393162,0.5298013245033113,20.0,era5
best_match,1,438,179,10,23,0.4315068493150685,0.9470899470899471,0.11386138613861387,0.8443396226415094,1.0,gauge
best_match,2,438,178,11,20,0.4315068493150685,0.9417989417989417,0.10101010101010101,0.8516746411483254,1.0,gauge
best_match,3,438,176,13,30,0.4315068493150685,0.9312169312169312,0.14563106796116504,0.8036529680365296,1.0,gauge
best_match,4,438,180,9,36,0.4315068493150685,0.9523809523809523,0.16666666666666666,0.8,1.0,gauge
best_match,5,438,174,15,54,0.4315068493150685,0.9206349206349206,0.23684210526315788,0.7160493827160493,1.0,gauge
best_match,6,438,175,14,60,0.4315068493150685,0.9259259259259259,0.2553191489361702,0.7028112449799196,1.0,gauge
best_match,7,438,171,18,67,0.4315068493150685,0.9047619047619048,0.2815126050420168,0.66796875,1.0,gauge
ecmwf_ifs025,1,438,178,11,25,0.4315068493150685,0.9417989417989417,0.12315270935960591,0.8317757009345794,1.0,gauge
ecmwf_ifs025,2,438,178,11,19,0.4315068493150685,0.9417989417989417,0.09644670050761421,0.8557692307692307,1.0,gauge
ecmwf_ifs025,3,438,177,12,28,0.4315068493150685,0.9365079365079365,0.13658536585365855,0.815668202764977,1.0,gauge
ecmwf_ifs025,4,438,178,11,34,0.4315068493150685,0.9417989417989417,0.16037735849056603,0.7982062780269058,1.0,gauge
ecmwf_ifs025,5,438,177,12,50,0.4315068493150685,0.9365079365079365,0.22026431718061673,0.7405857740585774,1.0,gauge
ecmwf_ifs025,6,438,176,13,62,0.4315068493150685,0.9312169312169312,0.2605042016806723,0.701195219123506,1.0,gauge
ecmwf_ifs025,7,438,175,14,68,0.4315068493150685,0.9259259259259259,0.27983539094650206,0.6809338521400778,1.0,gauge
gfs_seamless,1,438,166,23,14,0.4315068493150685,0.8783068783068783,0.07777777777777778,0.8177339901477833,1.0,gauge
gfs_seamless,2,438,168,21,16,0.4315068493150685,0.8888888888888888,0.08695652173913043,0.8195121951219512,1.0,gauge
gfs_seamless,3,438,169,20,18,0.4315068493150685,0.8941798941798942,0.0962566844919786,0.8164251207729468,1.0,gauge
gfs_seamless,4,438,166,23,17,0.4315068493150685,0.8783068783068783,0.09289617486338798,0.8058252427184466,1.0,gauge
gfs_seamless,5,438,149,40,24,0.4315068493150685,0.7883597883597884,0.13872832369942195,0.6995305164319249,1.0,gauge
gfs_seamless,6,438,150,39,34,0.4315068493150685,0.7936507936507936,0.18478260869565216,0.672645739910314,1.0,gauge
gfs_seamless,7,438,146,43,39,0.4315068493150685,0.7724867724867724,0.21081081081081082,0.6403508771929824,1.0,gauge
icon_seamless,1,438,172,17,14,0.4315068493150685,0.91005291005291,0.07526881720430108,0.8472906403940886,1.0,gauge
icon_seamless,2,438,178,11,19,0.4315068493150685,0.9417989417989417,0.09644670050761421,0.8557692307692307,1.0,gauge
icon_seamless,3,438,175,14,30,0.4315068493150685,0.9259259259259259,0.14634146341463414,0.7990867579908676,1.0,gauge
icon_seamless,4,438,173,16,38,0.4315068493150685,0.9153439153439153,0.18009478672985782,0.762114537444934,1.0,gauge
icon_seamless,5,438,174,15,59,0.4315068493150685,0.9206349206349206,0.2532188841201717,0.7016129032258065,1.0,gauge
icon_seamless,6,438,179,10,80,0.4315068493150685,0.9470899470899471,0.3088803088803089,0.6654275092936803,1.0,gauge
best_match,1,438,120,8,27,0.2922374429223744,0.9375,0.1836734693877551,0.7741935483870968,10.0,gauge
best_match,2,438,122,6,27,0.2922374429223744,0.953125,0.18120805369127516,0.7870967741935484,10.0,gauge
best_match,3,438,119,9,34,0.2922374429223744,0.9296875,0.2222222222222222,0.7345679012345679,10.0,gauge
best_match,4,438,109,19,44,0.2922374429223744,0.8515625,0.2875816993464052,0.6337209302325582,10.0,gauge
best_match,5,438,105,23,39,0.2922374429223744,0.8203125,0.2708333333333333,0.6287425149700598,10.0,gauge
best_match,6,438,97,31,69,0.2922374429223744,0.7578125,0.41566265060240964,0.49238578680203043,10.0,gauge
best_match,7,438,98,30,65,0.2922374429223744,0.765625,0.3987730061349693,0.5077720207253886,10.0,gauge
ecmwf_ifs025,1,438,122,6,29,0.2922374429223744,0.953125,0.19205298013245034,0.7770700636942676,10.0,gauge
ecmwf_ifs025,2,438,124,4,24,0.2922374429223744,0.96875,0.16216216216216217,0.8157894736842105,10.0,gauge
ecmwf_ifs025,3,438,120,8,33,0.2922374429223744,0.9375,0.21568627450980393,0.7453416149068323,10.0,gauge
ecmwf_ifs025,4,438,102,26,42,0.2922374429223744,0.796875,0.2916666666666667,0.6,10.0,gauge
ecmwf_ifs025,5,438,112,16,41,0.2922374429223744,0.875,0.2679738562091503,0.6627218934911243,10.0,gauge
ecmwf_ifs025,6,438,101,27,70,0.2922374429223744,0.7890625,0.4093567251461988,0.51010101010101,10.0,gauge
ecmwf_ifs025,7,438,97,31,63,0.2922374429223744,0.7578125,0.39375,0.5078534031413613,10.0,gauge
gfs_seamless,1,438,116,12,18,0.2922374429223744,0.90625,0.13432835820895522,0.7945205479452054,10.0,gauge
gfs_seamless,2,438,102,26,21,0.2922374429223744,0.796875,0.17073170731707318,0.6845637583892618,10.0,gauge
gfs_seamless,3,438,109,19,21,0.2922374429223744,0.8515625,0.16153846153846155,0.7315436241610739,10.0,gauge
gfs_seamless,4,438,95,33,24,0.2922374429223744,0.7421875,0.20168067226890757,0.625,10.0,gauge
gfs_seamless,5,438,70,58,22,0.2922374429223744,0.546875,0.2391304347826087,0.4666666666666667,10.0,gauge
gfs_seamless,6,438,64,64,34,0.2922374429223744,0.5,0.3469387755102041,0.3950617283950617,10.0,gauge
gfs_seamless,7,438,42,86,24,0.2922374429223744,0.328125,0.36363636363636365,0.27631578947368424,10.0,gauge
icon_seamless,1,438,113,15,20,0.2922374429223744,0.8828125,0.15037593984962405,0.7635135135135135,10.0,gauge
icon_seamless,2,438,98,30,26,0.2922374429223744,0.765625,0.20967741935483872,0.6363636363636364,10.0,gauge
icon_seamless,3,438,105,23,26,0.2922374429223744,0.8203125,0.1984732824427481,0.6818181818181818,10.0,gauge
icon_seamless,4,438,100,28,36,0.2922374429223744,0.78125,0.2647058823529412,0.6097560975609756,10.0,gauge
icon_seamless,5,438,92,36,41,0.2922374429223744,0.71875,0.3082706766917293,0.5443786982248521,10.0,gauge
icon_seamless,6,438,103,25,68,0.2922374429223744,0.8046875,0.39766081871345027,0.5255102040816326,10.0,gauge
best_match,1,438,76,7,32,0.18949771689497716,0.9156626506024096,0.2962962962962963,0.6608695652173913,20.0,gauge
best_match,2,438,76,7,37,0.18949771689497716,0.9156626506024096,0.3274336283185841,0.6333333333333333,20.0,gauge
best_match,3,438,71,12,38,0.18949771689497716,0.8554216867469879,0.3486238532110092,0.5867768595041323,20.0,gauge
best_match,4,438,64,19,38,0.18949771689497716,0.7710843373493976,0.37254901960784315,0.5289256198347108,20.0,gauge
best_match,5,438,65,18,33,0.18949771689497716,0.7831325301204819,0.336734693877551,0.5603448275862069,20.0,gauge
best_match,6,438,55,28,49,0.18949771689497716,0.6626506024096386,0.47115384615384615,0.4166666666666667,20.0,gauge
best_match,7,438,56,27,53,0.18949771689497716,0.6746987951807228,0.48623853211009177,0.4117647058823529,20.0,gauge
ecmwf_ifs025,1,438,79,4,35,0.18949771689497716,0.9518072289156626,0.30701754385964913,0.6694915254237288,20.0,gauge
ecmwf_ifs025,2,438,77,6,37,0.18949771689497716,0.927710843373494,0.32456140350877194,0.6416666666666667,20.0,gauge
ecmwf_ifs025,3,438,70,13,41,0.18949771689497716,0.8433734939759037,0.36936936936936937,0.5645161290322581,20.0,gauge
ecmwf_ifs025,4,438,60,23,39,0.18949771689497716,0.7228915662650602,0.3939393939393939,0.4918032786885246,20.0,gauge
ecmwf_ifs025,5,438,65,18,42,0.18949771689497716,0.7831325301204819,0.3925233644859813,0.52,20.0,gauge
ecmwf_ifs025,6,438,53,30,59,0.18949771689497716,0.6385542168674698,0.5267857142857143,0.3732394366197183,20.0,gauge
ecmwf_ifs025,7,438,59,24,56,0.18949771689497716,0.7108433734939759,0.48695652173913045,0.4244604316546763,20.0,gauge
gfs_seamless,1,438,71,12,26,0.18949771689497716,0.8554216867469879,0.26804123711340205,0.6513761467889908,20.0,gauge
gfs_seamless,2,438,66,17,31,0.18949771689497716,0.7951807228915663,0.31958762886597936,0.5789473684210527,20.0,gauge
gfs_seamless,3,438,64,19,31,0.18949771689497716,0.7710843373493976,0.3263157894736842,0.5614035087719298,20.0,gauge
gfs_seamless,4,438,54,29,20,0.18949771689497716,0.6506024096385542,0.2702702702702703,0.5242718446601942,20.0,gauge
gfs_seamless,5,438,27,56,11,0.18949771689497716,0.3253012048192771,0.2894736842105263,0.2872340425531915,20.0,gauge
gfs_seamless,6,438,14,69,16,0.18949771689497716,0.1686746987951807,0.5333333333333333,0.1414141414141414,20.0,gauge
gfs_seamless,7,438,12,71,9,0.18949771689497716,0.14457831325301204,0.42857142857142855,0.13043478260869565,20.0,gauge
icon_seamless,1,438,66,17,19,0.18949771689497716,0.7951807228915663,0.2235294117647059,0.6470588235294118,20.0,gauge
icon_seamless,2,438,58,25,25,0.18949771689497716,0.6987951807228916,0.30120481927710846,0.5370370370370371,20.0,gauge
icon_seamless,3,438,66,17,29,0.18949771689497716,0.7951807228915663,0.30526315789473685,0.5892857142857143,20.0,gauge
icon_seamless,4,438,56,27,41,0.18949771689497716,0.6746987951807228,0.422680412371134,0.45161290322580644,20.0,gauge
icon_seamless,5,438,55,28,30,0.18949771689497716,0.6626506024096386,0.35294117647058826,0.48672566371681414,20.0,gauge
icon_seamless,6,438,59,24,57,0.18949771689497716,0.7108433734939759,0.49137931034482757,0.42142857142857143,20.0,gauge
