model,lead_days,n,mae_mm,k,band_half_width_mm,coverage,wilson_lo,wilson_hi,gaussian_reference,truth
best_match,1,441,3.7850340136054417,1,3.7850340136054417,0.7233560090702947,0.679812278017898,0.7630421278988143,0.5750625163166379,grid
best_match,1,441,3.7850340136054417,2,7.570068027210883,0.8208616780045351,0.782348461901739,0.8538332481207463,0.889459650277264,grid
best_match,2,441,3.9292517006802727,1,3.9292517006802727,0.7142857142857143,0.6704139884753499,0.7544564821757092,0.5750625163166379,grid
best_match,2,441,3.9292517006802727,2,7.8585034013605455,0.8321995464852607,0.7944864420368538,0.8641751870676981,0.889459650277264,grid
best_match,3,441,5.644897959183674,1,5.644897959183674,0.7210884353741497,0.6774607518364705,0.7608976702638287,0.5750625163166379,grid
best_match,3,441,5.644897959183674,2,11.289795918367348,0.8231292517006803,0.7847717684597632,0.8559059253791356,0.889459650277264,grid
best_match,4,441,7.0895691609977325,1,7.0895691609977325,0.7074829931972789,0.6633787534129156,0.7480037657889036,0.5750625163166379,grid
best_match,4,441,7.0895691609977325,2,14.179138321995465,0.8049886621315193,0.7654419772377224,0.8392678460698698,0.889459650277264,grid
best_match,5,441,7.100453514739228,1,7.100453514739228,0.6870748299319728,0.6423399280780225,0.7285787367760767,0.5750625163166379,grid
best_match,5,441,7.100453514739228,2,14.200907029478456,0.800453514739229,0.7606289500311758,0.8350889056435895,0.889459650277264,grid
best_match,6,441,9.86077097505669,1,9.86077097505669,0.6938775510204082,0.6493419374060365,0.7350646788973028,0.5750625163166379,grid
best_match,6,441,9.86077097505669,2,19.72154195011338,0.8253968253968254,0.7871971872933587,0.8579764903619531,0.889459650277264,grid
best_match,7,441,10.621541950113379,1,10.621541950113379,0.6643990929705216,0.6190759559901526,0.7068828706998134,0.5750625163166379,grid
best_match,7,441,10.621541950113379,2,21.243083900226758,0.800453514739229,0.7606289500311758,0.8350889056435895,0.889459650277264,grid
ecmwf_ifs025,1,441,3.6276643990929704,1,3.6276643990929704,0.7029478458049887,0.6586948838849986,0.7436956676839941,0.5750625163166379,grid
ecmwf_ifs025,1,441,3.6276643990929704,2,7.255328798185941,0.8276643990929705,0.7896247503343807,0.8600449111373447,0.889459650277264,grid
ecmwf_ifs025,2,441,4.11859410430839,1,4.11859410430839,0.6938775510204082,0.6493419374060365,0.7350646788973028,0.5750625163166379,grid
ecmwf_ifs025,2,441,4.11859410430839,2,8.23718820861678,0.8344671201814059,0.7969206399776991,0.8662369729432662,0.889459650277264,grid
ecmwf_ifs025,3,441,5.367120181405895,1,5.367120181405895,0.7006802721088435,0.6563548101472453,0.7415397576053339,0.5750625163166379,grid
ecmwf_ifs025,3,441,5.367120181405895,2,10.73424036281179,0.8253968253968254,0.7871971872933587,0.8579764903619531,0.889459650277264,grid
ecmwf_ifs025,4,441,7.405895691609977,1,7.405895691609977,0.7120181405895691,0.6680676412040957,0.7523068456305501,0.5750625163166379,grid
ecmwf_ifs025,4,441,7.405895691609977,2,14.811791383219955,0.81859410430839,0.7799272366873733,0.8517584895186987,0.889459650277264,grid
ecmwf_ifs025,5,441,7.25873015873016,1,7.25873015873016,0.7074829931972789,0.6633787534129156,0.7480037657889036,0.5750625163166379,grid
ecmwf_ifs025,5,441,7.25873015873016,2,14.51746031746032,0.8095238095238095,0.7702625633224687,0.8434392276179501,0.889459650277264,grid
ecmwf_ifs025,6,441,10.15736961451247,1,10.15736961451247,0.6825396825396826,0.6376778608129143,0.7242488364083584,0.5750625163166379,grid
ecmwf_ifs025,6,441,10.15736961451247,2,20.31473922902494,0.8117913832199547,0.7726757539145732,0.8455220208422589,0.889459650277264,grid
ecmwf_ifs025,7,441,10.502947845804988,1,10.502947845804988,0.6848072562358276,0.6400083051815932,0.7264143758560926,0.5750625163166379,grid
ecmwf_ifs025,7,441,10.502947845804988,2,21.005895691609975,0.800453514739229,0.7606289500311758,0.8350889056435895,0.889459650277264,grid
gfs_seamless,1,441,6.080725623582766,1,6.080725623582766,0.7324263038548753,0.6892316708087304,0.7716066703736354,0.5750625163166379,grid
gfs_seamless,1,441,6.080725623582766,2,12.161451247165532,0.8299319727891157,0.7920544905593555,0.8621111547287833,0.889459650277264,grid
gfs_seamless,2,441,6.240362811791384,1,6.240362811791384,0.7142857142857143,0.6704139884753499,0.7544564821757092,0.5750625163166379,grid
gfs_seamless,2,441,6.240362811791384,2,12.480725623582767,0.8299319727891157,0.7920544905593555,0.8621111547287833,0.889459650277264,grid
gfs_seamless,3,441,6.75578231292517,1,6.75578231292517,0.7188208616780045,0.6751105345334243,0.7587519037504615,0.5750625163166379,grid
gfs_seamless,3,441,6.75578231292517,2,13.51156462585034,0.81859410430839,0.7799272366873733,0.8517584895186987,0.889459650277264,grid
gfs_seamless,4,441,7.3244897959183675,1,7.3244897959183675,0.7052154195011338,0.6610361955765948,0.7458503398088111,0.5750625163166379,grid
gfs_seamless,4,441,7.3244897959183675,2,14.648979591836735,0.8208616780045351,0.782348461901739,0.8538332481207463,0.889459650277264,grid
gfs_seamless,5,441,10.577551020408162,1,10.577551020408162,0.7097505668934241,0.6657225657681015,0.7501559372501311,0.5750625163166379,grid
gfs_seamless,5,441,10.577551020408162,2,21.155102040816324,0.8117913832199547,0.7726757539145732,0.8455220208422589,0.889459650277264,grid
gfs_seamless,6,441,11.343537414965986,1,11.343537414965986,0.7029478458049887,0.6586948838849986,0.7436956676839941,0.5750625163166379,grid
gfs_seamless,6,441,11.343537414965986,2,22.687074829931973,0.8321995464852607,0.7944864420368538,0.8641751870676981,0.889459650277264,grid
gfs_seamless,7,441,11.606575963718821,1,11.606575963718821,0.7188208616780045,0.6751105345334243,0.7587519037504615,0.5750625163166379,grid
gfs_seamless,7,441,11.606575963718821,2,23.213151927437643,0.8253968253968254,0.7871971872933587,0.8579764903619531,0.889459650277264,grid
icon_seamless,1,441,6.331972789115646,1,6.331972789115646,0.7278911564625851,0.6845192964156732,0.767327077133866,0.5750625163166379,grid
icon_seamless,1,441,6.331972789115646,2,12.663945578231292,0.8344671201814059,0.7969206399776991,0.8662369729432662,0.889459650277264,grid
icon_seamless,2,441,7.170521541950113,1,7.170521541950113,0.7414965986394558,0.6986728310864714,0.7801494453615478,0.5750625163166379,grid
icon_seamless,2,441,7.170521541950113,2,14.341043083900226,0.8253968253968254,0.7871971872933587,0.8579764903619531,0.889459650277264,grid
icon_seamless,3,441,6.360997732426305,1,6.360997732426305,0.7301587301587301,0.686874808899427,0.7694675484665254,0.5750625163166379,grid
icon_seamless,3,441,6.360997732426305,2,12.72199546485261,0.8321995464852607,0.7944864420368538,0.8641751870676981,0.889459650277264,grid
icon_seamless,4,441,7.885714285714285,1,7.885714285714285,0.691609977324263,0.6470067370895913,0.7329038953973346,0.5750625163166379,grid
icon_seamless,4,441,7.885714285714285,2,15.77142857142857,0.8231292517006803,0.7847717684597632,0.8559059253791356,0.889459650277264,grid
icon_seamless,5,441,7.4229024943310655,1,7.4229024943310655,0.6984126984126984,0.6540159663513261,0.7393826175848397,0.5750625163166379,grid
icon_seamless,5,441,7.4229024943310655,2,14.845804988662131,0.8049886621315193,0.7654419772377224,0.8392678460698698,0.889459650277264,grid
icon_seamless,6,441,9.153514739229026,1,9.153514739229026,0.671201814058957,0.6260430866377612,0.7134036915014449,0.5750625163166379,grid
icon_seamless,6,441,9.153514739229026,2,18.307029478458052,0.8253968253968254,0.7871971872933587,0.8579764903619531,0.889459650277264,grid
best_match,1,441,3.868480725623583,1,3.868480725623583,0.7120181405895691,0.6680676412040957,0.7523068456305501,0.5750625163166379,era5
best_match,1,441,3.868480725623583,2,7.736961451247166,0.8344671201814059,0.7969206399776991,0.8662369729432662,0.889459650277264,era5
best_match,2,441,4.581859410430839,1,4.581859410430839,0.7097505668934241,0.6657225657681015,0.7501559372501311,0.5750625163166379,era5
best_match,2,441,4.581859410430839,2,9.163718820861678,0.8231292517006803,0.7847717684597632,0.8559059253791356,0.889459650277264,era5
best_match,3,441,5.686167800453515,1,5.686167800453515,0.7074829931972789,0.6633787534129156,0.7480037657889036,0.5750625163166379,era5
best_match,3,441,5.686167800453515,2,11.37233560090703,0.8231292517006803,0.7847717684597632,0.8559059253791356,0.889459650277264,era5
best_match,4,441,7.093197278911566,1,7.093197278911566,0.6938775510204082,0.6493419374060365,0.7350646788973028,0.5750625163166379,era5
best_match,4,441,7.093197278911566,2,14.186394557823132,0.8299319727891157,0.7920544905593555,0.8621111547287833,0.889459650277264,era5
best_match,5,441,7.198412698412698,1,7.198412698412698,0.6757369614512472,0.6306935323762456,0.717745213395787,0.5750625163166379,era5
best_match,5,441,7.198412698412698,2,14.396825396825395,0.81859410430839,0.7799272366873733,0.8517584895186987,0.889459650277264,era5
best_match,6,441,9.737414965986394,1,9.737414965986394,0.6802721088435374,0.6353485882498442,0.7220821251550151,0.5750625163166379,era5
best_match,6,441,9.737414965986394,2,19.47482993197279,0.81859410430839,0.7799272366873733,0.8517584895186987,0.889459650277264,era5
best_match,7,441,10.621541950113379,1,10.621541950113379,0.6689342403628118,0.6237195772552142,0.7112312170675785,0.5750625163166379,era5
best_match,7,441,10.621541950113379,2,21.243083900226758,0.7959183673469388,0.755823290185468,0.8309025978564708,0.889459650277264,era5
ecmwf_ifs025,1,441,3.661678004535148,1,3.661678004535148,0.7142857142857143,0.6704139884753499,0.7544564821757092,0.5750625163166379,era5
ecmwf_ifs025,1,441,3.661678004535148,2,7.323356009070296,0.8049886621315193,0.7654419772377224,0.8392678460698698,0.889459650277264,era5
ecmwf_ifs025,2,441,4.456916099773242,1,4.456916099773242,0.7074829931972789,0.6633787534129156,0.7480037657889036,0.5750625163166379,era5
ecmwf_ifs025,2,441,4.456916099773242,2,8.913832199546484,0.8231292517006803,0.7847717684597632,0.8559059253791356,0.889459650277264,era5
ecmwf_ifs025,3,441,5.639229024943311,1,5.639229024943311,0.7120181405895691,0.6680676412040957,0.7523068456305501,0.5750625163166379,era5
ecmwf_ifs025,3,441,5.639229024943311,2,11.278458049886622,0.8208616780045351,0.782348461901739,0.8538332481207463,0.889459650277264,era5
ecmwf_ifs025,4,441,7.290702947845805,1,7.290702947845805,0.691609977324263,0.6470067370895913,0.7329038953973346,0.5750625163166379,era5
ecmwf_ifs025,4,441,7.290702947845805,2,14.58140589569161,0.8321995464852607,0.7944864420368538,0.8641751870676981,0.889459650277264,era5
ecmwf_ifs025,5,441,7.379818594104308,1,7.379818594104308,0.691609977324263,0.6470067370895913,0.7329038953973346,0.5750625163166379,era5
ecmwf_ifs025,5,441,7.379818594104308,2,14.759637188208616,0.8117913832199547,0.7726757539145732,0.8455220208422589,0.889459650277264,era5
ecmwf_ifs025,6,441,9.841269841269842,1,9.841269841269842,0.673469387755102,0.6283677363364448,0.7155750256191744,0.5750625163166379,era5
ecmwf_ifs025,6,441,9.841269841269842,2,19.682539682539684,0.8095238095238095,0.7702625633224687,0.8434392276179501,0.889459650277264,era5
ecmwf_ifs025,7,441,10.60861678004535,1,10.60861678004535,0.671201814058957,0.6260430866377612,0.7134036915014449,0.5750625163166379,era5
ecmwf_ifs025,7,441,10.60861678004535,2,21.2172335600907,0.7913832199546486,0.7510248168307827,0.8267091035783296,0.889459650277264,era5
gfs_seamless,1,441,6.020861678004534,1,6.020861678004534,0.7392290249433107,0.6963104616425873,0.7780158309890184,0.5750625163166379,era5
gfs_seamless,1,441,6.020861678004534,2,12.041723356009069,0.8526077097505669,0.8164797438401068,0.8826457396121652,0.889459650277264,era5
gfs_seamless,2,441,6.411337868480726,1,6.411337868480726,0.7528344671201814,0.7105060084697945,0.7907961870602913,0.5750625163166379,era5
gfs_seamless,2,441,6.411337868480726,2,12.822675736961452,0.8458049886621315,0.809126645962885,0.8765108860401469,0.889459650277264,era5
gfs_seamless,3,441,6.533106575963719,1,6.533106575963719,0.7097505668934241,0.6657225657681015,0.7501559372501311,0.5750625163166379,era5
gfs_seamless,3,441,6.533106575963719,2,13.066213151927437,0.8027210884353742,0.7630345310037125,0.8371793084874664,0.889459650277264,era5
gfs_seamless,4,441,7.682766439909298,1,7.682766439909298,0.7165532879818595,0.6727616165337014,0.7566048379337713,0.5750625163166379,era5
gfs_seamless,4,441,7.682766439909298,2,15.365532879818597,0.8231292517006803,0.7847717684597632,0.8559059253791356,0.889459650277264,era5
gfs_seamless,5,441,10.826530612244898,1,10.826530612244898,0.7074829931972789,0.6633787534129156,0.7480037657889036,0.5750625163166379,era5
gfs_seamless,5,441,10.826530612244898,2,21.653061224489797,0.8140589569160998,0.7750909113103742,0.8476028472628713,0.889459650277264,era5
gfs_seamless,6,441,11.648752834467121,1,11.648752834467121,0.7074829931972789,0.6633787534129156,0.7480037657889036,0.5750625163166379,era5
gfs_seamless,6,441,11.648752834467121,2,23.297505668934242,0.81859410430839,0.7799272366873733,0.8517584895186987,0.889459650277264,era5
gfs_seamless,7,441,12.056462585034012,1,12.056462585034012,0.7074829931972789,0.6633787534129156,0.7480037657889036,0.5750625163166379,era5
gfs_seamless,7,441,12.056462585034012,2,24.112925170068024,0.8253968253968254,0.7871971872933587,0.8579764903619531,0.889459650277264,era5
icon_seamless,1,441,6.5659863945578225,1,6.5659863945578225,0.7551020408163265,0.7128769985042879,0.7929211808422111,0.5750625163166379,era5
icon_seamless,1,441,6.5659863945578225,2,13.131972789115645,0.8480725623582767,0.8115751332217152,0.8785583825977301,0.889459650277264,era5
icon_seamless,2,441,7.4793650793650786,1,7.4793650793650786,0.7551020408163265,0.7128769985042879,0.7929211808422111,0.5750625163166379,era5
icon_seamless,2,441,7.4793650793650786,2,14.958730158730157,0.8435374149659864,0.8066806436457732,0.8744609045408456,0.889459650277264,era5
icon_seamless,3,441,6.678458049886621,1,6.678458049886621,0.7324263038548753,0.6892316708087304,0.7716066703736354,0.5750625163166379,era5
icon_seamless,3,441,6.678458049886621,2,13.356916099773242,0.81859410430839,0.7799272366873733,0.8517584895186987,0.889459650277264,era5
icon_seamless,4,441,8.079818594104308,1,8.079818594104308,0.6984126984126984,0.6540159663513261,0.7393826175848397,0.5750625163166379,era5
icon_seamless,4,441,8.079818594104308,2,16.159637188208617,0.8049886621315193,0.7654419772377224,0.8392678460698698,0.889459650277264,era5
icon_seamless,5,441,8.324943310657595,1,8.324943310657595,0.6780045351473923,0.6330204809157224,0.7199142486727236,0.5750625163166379,era5
icon_seamless,5,441,8.324943310657595,2,16.64988662131519,0.8117913832199547,0.7726757539145732,0.8455220208422589,0.889459650277264,era5
icon_seamless,6,441,9.02108843537415,1,9.02108843537415,0.673469387755102,0.6283677363364448,0.7155750256191744,0.5750625163166379,era5
icon_seamless,6,441,9.02108843537415,2,18.0421768707483,0.81859410430839,0.7799272366873733,0.8517584895186987,0.889459650277264,era5
best_match,1,438,4.70379646662318,1,4.70379646662318,0.7146118721461188,0.6705963523891364,0.7548956339808154,0.5750625163166379,gauge
best_match,1,438,4.70379646662318,2,9.40759293324636,0.819634703196347,0.7808971704018853,0.852814298659745,0.889459650277264,gauge
best_match,2,438,5.131786029571646,1,5.131786029571646,0.7100456621004566,0.6658720582107067,0.7505669071726504,0.5750625163166379,gauge
best_match,2,438,5.131786029571646,2,10.263572059143293,0.815068493150685,0.7760249998284241,0.8486334482466116,0.889459650277264,gauge
best_match,3,438,6.403028908458362,1,6.403028908458362,0.6940639269406392,0.6493770846695391,0.7353763072607363,0.5750625163166379,gauge
best_match,3,438,6.403028908458362,2,12.806057816916724,0.8242009132420092,0.7857777428913224,0.8569867471569026,0.889459650277264,gauge
best_match,4,438,7.381254566210046,1,7.381254566210046,0.7031963470319634,0.6587952391790395,0.7440641947244253,0.5750625163166379,gauge
best_match,4,438,7.381254566210046,2,14.762509132420092,0.8082191780821918,0.7687319813317772,0.8423469352633663,0.889459650277264,gauge
best_match,5,438,6.805838649706458,1,6.805838649706458,0.6986301369863014,0.6540836743066033,0.739722738610267,0.5750625163166379,gauge
best_match,5,438,6.805838649706458,2,13.611677299412916,0.8105022831050228,0.7711609933914597,0.8444444336969811,0.889459650277264,gauge
best_match,6,438,9.084976353555122,1,9.084976353555122,0.6643835616438356,0.6189014695543044,0.7070072859631055,0.5750625163166379,gauge
best_match,6,438,9.084976353555122,2,18.169952707110244,0.817351598173516,0.7784600500836637,0.8507249084846692,0.889459650277264,gauge
best_match,7,438,9.569160828440964,1,9.569160828440964,0.678082191780822,0.6329423260810109,0.7201254923961832,0.5750625163166379,gauge
best_match,7,438,9.569160828440964,2,19.138321656881928,0.817351598173516,0.7784600500836637,0.8507249084846692,0.889459650277264,gauge
ecmwf_ifs025,1,438,5.068466394868449,1,5.068466394868449,0.7191780821917808,0.6753258628427513,0.7592191445137951,0.5750625163166379,gauge
ecmwf_ifs025,1,438,5.068466394868449,2,10.136932789736898,0.8105022831050228,0.7711609933914597,0.8444444336969811,0.889459650277264,gauge
ecmwf_ifs025,2,438,5.3276109915198955,1,5.3276109915198955,0.7054794520547946,0.66115290755052,0.7462330368462424,0.5750625163166379,gauge
ecmwf_ifs025,2,438,5.3276109915198955,2,10.655221983039791,0.821917808219178,0.7833363909579371,0.8549015885969905,0.889459650277264,gauge
ecmwf_ifs025,3,438,6.328354848880191,1,6.328354848880191,0.7054794520547946,0.66115290755052,0.7462330368462424,0.5750625163166379,gauge
ecmwf_ifs025,3,438,6.328354848880191,2,12.656709697760382,0.7968036529680366,0.7566157874263566,0.8318305767023002,0.889459650277264,gauge
ecmwf_ifs025,4,438,7.803558980213089,1,7.803558980213089,0.7077625570776256,0.663511844361776,0.7484006105282837,0.5750625163166379,gauge
ecmwf_ifs025,4,438,7.803558980213089,2,15.607117960426178,0.8127853881278538,0.7735919903857269,0.8465399471960113,0.889459650277264,gauge
ecmwf_ifs025,5,438,7.250880006523158,1,7.250880006523158,0.7009132420091324,0.656438830838909,0.7418940925712586,0.5750625163166379,gauge
ecmwf_ifs025,5,438,7.250880006523158,2,14.501760013046315,0.8013698630136986,0.7614565916706088,0.8360427934446427,0.889459650277264,gauge
ecmwf_ifs025,6,438,9.358602359208524,1,9.358602359208524,0.6735159817351598,0.6282573923899593,0.7157574051006401,0.5750625163166379,gauge
ecmwf_ifs025,6,438,9.358602359208524,2,18.717204718417047,0.8059360730593608,0.7663049275089353,0.8402474785929108,0.889459650277264,gauge
ecmwf_ifs025,7,438,9.574077245053273,1,9.574077245053273,0.6689497716894978,0.6235771231615321,0.7113846533424726,0.5750625163166379,gauge
ecmwf_ifs025,7,438,9.574077245053273,2,19.148154490106545,0.8242009132420092,0.7857777428913224,0.8569867471569026,0.889459650277264,gauge
gfs_seamless,1,438,5.096391204609698,1,5.096391204609698,0.7374429223744292,0.6942976437475246,0.7764594475554008,0.5750625163166379,gauge
gfs_seamless,1,438,5.096391204609698,2,10.192782409219395,0.8356164383561644,0.7980176362045714,0.8673794063101403,0.889459650277264,gauge
gfs_seamless,2,438,5.963202685366384,1,5.963202685366384,0.7374429223744292,0.6942976437475246,0.7764594475554008,0.5750625163166379,gauge
gfs_seamless,2,438,5.963202685366384,2,11.926405370732768,0.821917808219178,0.7833363909579371,0.8549015885969905,0.889459650277264,gauge
gfs_seamless,3,438,5.970009078060447,1,5.970009078060447,0.723744292237443,0.6800606656816085,0.7635373626615328,0.5750625163166379,gauge
gfs_seamless,3,438,5.970009078060447,2,11.940018156120894,0.8242009132420092,0.7857777428913224,0.8569867471569026,0.889459650277264,gauge
gfs_seamless,4,438,6.03318376821048,1,6.03318376821048,0.7146118721461188,0.6705963523891364,0.7548956339808154,0.5750625163166379,gauge
gfs_seamless,4,438,6.03318376821048,2,12.06636753642096,0.8105022831050228,0.7711609933914597,0.8444444336969811,0.889459650277264,gauge
gfs_seamless,5,438,8.21026854751033,1,8.21026854751033,0.7123287671232876,0.6682335578894192,0.7527319179872352,0.5750625163166379,gauge
gfs_seamless,5,438,8.21026854751033,2,16.42053709502066,0.821917808219178,0.7833363909579371,0.8549015885969905,0.889459650277264,gauge
gfs_seamless,6,438,8.996846173081103,1,8.996846173081103,0.6963470319634704,0.6517297615390846,0.7375501408844883,0.5750625163166379,gauge
gfs_seamless,6,438,8.996846173081103,2,17.993692346162206,0.8264840182648402,0.788221258348762,0.8590697421927604,0.889459650277264,gauge
gfs_seamless,7,438,9.09704175907806,1,9.09704175907806,0.7077625570776256,0.663511844361776,0.7484006105282837,0.5750625163166379,gauge
gfs_seamless,7,438,9.09704175907806,2,18.19408351815612,0.8242009132420092,0.7857777428913224,0.8569867471569026,0.889459650277264,gauge
icon_seamless,1,438,6.021027473363775,1,6.021027473363775,0.723744292237443,0.6800606656816085,0.7635373626615328,0.5750625163166379,gauge
icon_seamless,1,438,6.021027473363775,2,12.04205494672755,0.819634703196347,0.7808971704018853,0.852814298659745,0.889459650277264,gauge
icon_seamless,2,438,6.71180873015873,1,6.71180873015873,0.7191780821917808,0.6753258628427513,0.7592191445137951,0.5750625163166379,gauge
icon_seamless,2,438,6.71180873015873,2,13.42361746031746,0.8242009132420092,0.7857777428913224,0.8569867471569026,0.889459650277264,gauge
icon_seamless,3,438,6.263242868014785,1,6.263242868014785,0.7009132420091324,0.656438830838909,0.7418940925712586,0.5750625163166379,gauge
icon_seamless,3,438,6.263242868014785,2,12.52648573602957,0.817351598173516,0.7784600500836637,0.8507249084846692,0.889459650277264,gauge
icon_seamless,4,438,7.49995593607306,1,7.49995593607306,0.6712328767123288,0.625916677821112,0.7135716091761899,0.5750625163166379,gauge
icon_seamless,4,438,7.49995593607306,2,14.99991187214612,0.8127853881278538,0.7735919903857269,0.8465399471960113,0.889459650277264,gauge
icon_seamless,5,438,6.846404511850403,1,6.846404511850403,0.6940639269406392,0.6493770846695391,0.7353763072607363,0.5750625163166379,gauge
icon_seamless,5,438,6.846404511850403,2,13.692809023700805,0.817351598173516,0.7784600500836637,0.8507249084846692,0.889459650277264,gauge
icon_seamless,6,438,8.802615775168515,1,8.802615775168515,0.6461187214611872,0.6002441068263374,0.6894525647446935,0.5750625163166379,gauge
icon_seamless,6,438,8.802615775168515,2,17.60523155033703,0.815068493150685,0.7760249998284241,0.8486334482466116,0.889459650277264,gauge
