metric,model,lead_days,truth_a,truth_b,n,n_cities,n_dates,value_grid,value_gauge,difference,bootstrap_se,sigma,verdict,sign_flip,value_era5
mae_mm,best_match,1,grid,gauge,438,21,21,3.8011415525114156,4.70379646662318,-0.9026549141117641,0.4530314854583283,1.9924772186607638,robust,False,
bias_mm,best_match,1,grid,gauge,438,21,21,-1.1878995433789954,2.079160676233964,-3.2670602196129592,1.0279870351596627,3.178114225054923,shifted,True,
pod,best_match,1,grid,gauge,438,21,21,0.9072847682119205,0.9375,-0.0302152317880795,0.014626696905904181,2.0657590693550834,shifted,False,
far,best_match,1,grid,gauge,438,21,21,0.06802721088435375,0.1836734693877551,-0.11564625850340136,0.03936667006961,2.9376693100765245,shifted,False,
mae_mm,best_match,2,grid,gauge,438,21,21,3.9445205479452055,5.131786029571646,-1.187265481626441,0.5378236631690639,2.207536713112651,shifted,False,
bias_mm,best_match,2,grid,gauge,438,21,21,-0.7833333333333334,2.483726886279626,-3.2670602196129597,1.033913750578685,3.1598962851440704,shifted,True,
pod,best_match,2,grid,gauge,438,21,21,0.9072847682119205,0.953125,-0.0458402317880795,0.016691424427166476,2.74633432204092,shifted,False,
far,best_match,2,grid,gauge,438,21,21,0.08053691275167785,0.18120805369127516,-0.10067114093959731,0.03175669985633709,3.170075650020928,shifted,False,
mae_mm,best_match,3,grid,gauge,438,21,21,5.672146118721462,6.403028908458362,-0.7308827897369001,0.5791416659394725,1.2620103728010592,robust,False,
bias_mm,best_match,3,grid,gauge,438,21,21,-0.8488584474885846,2.418201772124374,-3.267060219612959,0.9989235972041369,3.2705806818029473,shifted,True,
pod,best_match,3,grid,gauge,438,21,21,0.9072847682119205,0.9296875,-0.0224027317880795,0.01941039382269192,1.1541616307593592,robust,False,
far,best_match,3,grid,gauge,438,21,21,0.10457516339869281,0.2222222222222222,-0.1176470588235294,0.038680497049660256,3.0415084550875164,shifted,False,
mae_mm,best_match,4,grid,gauge,438,21,21,7.125799086757991,7.381254566210046,-0.2554554794520554,0.682400276067399,0.37434844095348035,robust,False,
bias_mm,best_match,4,grid,gauge,438,21,21,-1.2541095890410958,2.012950630571863,-3.267060219612959,1.0153244080625223,3.217750103976401,shifted,True,
pod,best_match,4,grid,gauge,438,21,21,0.8609271523178808,0.8515625,0.00936465231788075,0.015302512824458091,0.6119682711791736,robust,False,
far,best_match,4,grid,gauge,438,21,21,0.1503267973856209,0.2875816993464052,-0.1372549019607843,0.039341955091976966,3.4887666777082664,shifted,False,
mae_mm,best_match,5,grid,gauge,438,21,21,7.108219178082191,6.805838649706458,0.3023805283757328,0.5877422072043924,0.5144781583987508,robust,False,
bias_mm,best_match,5,grid,gauge,438,21,21,-1.7347031963470319,1.5323570232659274,-3.2670602196129592,1.023255177402033,3.192810837183132,shifted,True,
pod,best_match,5,grid,gauge,438,21,21,0.8013245033112583,0.8203125,-0.018987996688741737,0.01725996381444462,1.100117989404529,robust,False,
far,best_match,5,grid,gauge,438,21,21,0.1597222222222222,0.2708333333333333,-0.1111111111111111,0.03448546172397622,3.2219696520363086,shifted,False,
mae_mm,best_match,6,grid,gauge,438,21,21,9.848173515981735,9.084976353555122,0.7631971624266125,0.5962900357118018,1.2799093003718747,robust,False,
bias_mm,best_match,6,grid,gauge,438,21,21,-1.2646118721461186,2.002448347466841,-3.2670602196129597,1.0009981244084676,3.26380253863473,shifted,True,
pod,best_match,6,grid,gauge,438,21,21,0.7814569536423841,0.7578125,0.0236444536423841,0.017194077104739542,1.3751510766382753,robust,False,
far,best_match,6,grid,gauge,438,21,21,0.2891566265060241,0.41566265060240964,-0.12650602409638556,0.031509336217603205,4.014874297025366,fragile,False,
mae_mm,best_match,7,grid,gauge,438,21,21,10.681735159817352,9.569160828440964,1.112574331376388,0.8485889182060996,1.3110875095191539,robust,False,
bias_mm,best_match,7,grid,gauge,438,21,21,-1.6429223744292236,1.6241378451837356,-3.2670602196129592,1.0152634212813558,3.217943393931822,shifted,True,
pod,best_match,7,grid,gauge,438,21,21,0.7615894039735099,0.765625,-0.0040355960264900625,0.020380529074523375,0.19801232891126208,robust,False,
far,best_match,7,grid,gauge,438,21,21,0.294478527607362,0.3987730061349693,-0.10429447852760731,0.024229555630602622,4.304432162011276,fragile,False,
mae_mm,ecmwf_ifs025,1,grid,gauge,438,21,21,3.644520547945206,5.068466394868449,-1.4239458469232429,0.5640206643922644,2.5246341788869615,shifted,False,
bias_mm,ecmwf_ifs025,1,grid,gauge,438,21,21,-0.14269406392694053,3.1243661556860185,-3.2670602196129592,1.0143513869358212,3.2208367452251228,shifted,True,
pod,ecmwf_ifs025,1,grid,gauge,438,21,21,0.9337748344370861,0.953125,-0.019350165562913912,0.016169722699043924,1.1966912434471149,robust,False,
far,ecmwf_ifs025,1,grid,gauge,438,21,21,0.06622516556291391,0.19205298013245034,-0.12582781456953643,0.04826450798612127,2.6070464575277326,shifted,False,
mae_mm,ecmwf_ifs025,2,grid,gauge,438,21,21,4.134018264840183,5.3276109915198955,-1.1935927266797126,0.6185721817551918,1.929593282538032,robust,False,
bias_mm,ecmwf_ifs025,2,grid,gauge,438,21,21,-0.4646118721461187,2.8024483474668402,-3.267060219612959,1.036926287820345,3.1507159746913476,shifted,True,
pod,ecmwf_ifs025,2,grid,gauge,438,21,21,0.8940397350993378,0.96875,-0.07471026490066224,0.028868299124043283,2.587969058365443,shifted,False,
far,ecmwf_ifs025,2,grid,gauge,438,21,21,0.08783783783783784,0.16216216216216217,-0.07432432432432433,0.03028641659591256,2.454048140325558,shifted,False,
mae_mm,ecmwf_ifs025,3,grid,gauge,438,21,21,5.394520547945206,6.328354848880191,-0.9338343009349854,0.5767843913388357,1.6190353188430828,robust,False,
bias_mm,ecmwf_ifs025,3,grid,gauge,438,21,21,-0.34063926940639255,2.926420950206566,-3.267060219612959,1.0197136965365647,3.203899516805018,shifted,True,
pod,ecmwf_ifs025,3,grid,gauge,438,21,21,0.9006622516556292,0.9375,-0.03683774834437081,0.016518028396952336,2.2301540752386386,shifted,False,
far,ecmwf_ifs025,3,grid,gauge,438,21,21,0.1111111111111111,0.21568627450980393,-0.10457516339869283,0.03800150740389783,2.7518688216027587,shifted,False,
mae_mm,ecmwf_ifs025,4,grid,gauge,438,21,21,7.445205479452055,7.803558980213089,-0.35835350076103456,0.7133880979537461,0.502326155691301,robust,False,
bias_mm,ecmwf_ifs025,4,grid,gauge,438,21,21,-1.0242009132420091,2.24285930637095,-3.2670602196129592,1.0237516214915574,3.1912625592260433,shifted,True,
pod,ecmwf_ifs025,4,grid,gauge,438,21,21,0.8079470198675497,0.796875,0.011072019867549687,0.0260391346794765,0.4252069050618806,robust,False,
far,ecmwf_ifs025,4,grid,gauge,438,21,21,0.1527777777777778,0.2916666666666667,-0.1388888888888889,0.04346473402799037,3.1954386008539104,shifted,False,
mae_mm,ecmwf_ifs025,5,grid,gauge,438,21,21,7.278767123287672,7.250880006523158,0.027887116764514275,0.49005454494950357,0.05690614861532981,robust,False,
bias_mm,ecmwf_ifs025,5,grid,gauge,438,21,21,-0.8111872146118723,2.455873005001087,-3.2670602196129592,1.0181577391937775,3.2087957433785874,shifted,True,
pod,ecmwf_ifs025,5,grid,gauge,438,21,21,0.847682119205298,0.875,-0.027317880794701987,0.018392283257998864,1.4852903476691157,robust,False,
far,ecmwf_ifs025,5,grid,gauge,438,21,21,0.16339869281045752,0.2679738562091503,-0.1045751633986928,0.0336051569208678,3.11187844308963,shifted,False,
mae_mm,ecmwf_ifs025,6,grid,gauge,438,21,21,10.16027397260274,9.358602359208524,0.8016716133942161,0.6244390364639026,1.2838268695274928,robust,False,
bias_mm,ecmwf_ifs025,6,grid,gauge,438,21,21,-0.8105022831050226,2.4565579365079366,-3.2670602196129592,1.0144524105474386,3.2205160002034243,shifted,True,
pod,ecmwf_ifs025,6,grid,gauge,438,21,21,0.8079470198675497,0.7890625,0.018884519867549687,0.01617038858249942,1.16784576766372,robust,False,
far,ecmwf_ifs025,6,grid,gauge,438,21,21,0.28654970760233917,0.4093567251461988,-0.12280701754385964,0.030268157992405845,4.057300664766961,fragile,False,
mae_mm,ecmwf_ifs025,7,grid,gauge,438,21,21,10.55867579908676,9.574077245053273,0.9845985540334876,0.8319088082539638,1.1835414462072997,robust,False,
bias_mm,ecmwf_ifs025,7,grid,gauge,438,21,21,-1.2673515981735155,1.9997086214394433,-3.267060219612959,1.002537939420048,3.258789609002628,shifted,True,
pod,ecmwf_ifs025,7,grid,gauge,438,21,21,0.7483443708609272,0.7578125,-0.0094681291390728,0.024064537702070586,0.39344737290582293,robust,False,
far,ecmwf_ifs025,7,grid,gauge,438,21,21,0.29375,0.39375,-0.09999999999999998,0.028568166320841224,3.5003996713309307,shifted,False,
mae_mm,gfs_seamless,1,grid,gauge,438,21,21,6.107305936073059,5.096391204609698,1.0109147314633615,0.6460442370795298,1.564776331777595,robust,False,
bias_mm,gfs_seamless,1,grid,gauge,438,21,21,-2.548401826484018,0.718658393128941,-3.267060219612959,1.0059971383408697,3.247584009037167,shifted,True,
pod,gfs_seamless,1,grid,gauge,438,21,21,0.8410596026490066,0.90625,-0.06519039735099341,0.021168889006793676,3.0795379639466214,shifted,False,
far,gfs_seamless,1,grid,gauge,438,21,21,0.05223880597014925,0.13432835820895522,-0.08208955223880597,0.027300753304699225,3.0068603354133843,shifted,False,
mae_mm,gfs_seamless,2,grid,gauge,438,21,21,6.268721461187215,5.963202685366384,0.30551877582083087,0.6742856852209786,0.45309989892593594,robust,False,
bias_mm,gfs_seamless,2,grid,gauge,438,21,21,-3.028082191780822,0.23897802783213745,-3.2670602196129592,1.0273981073728893,3.179935991868822,shifted,True,
pod,gfs_seamless,2,grid,gauge,438,21,21,0.7350993377483444,0.796875,-0.06177566225165565,0.025163696027964224,2.454951855363569,shifted,False,
far,gfs_seamless,2,grid,gauge,438,21,21,0.0975609756097561,0.17073170731707318,-0.07317073170731708,0.021966505973948464,3.331013671181712,shifted,False,
mae_mm,gfs_seamless,3,grid,gauge,438,21,21,6.788356164383562,5.970009078060447,0.818347086323115,0.4828248212746174,1.6949151126131974,robust,False,
bias_mm,gfs_seamless,3,grid,gauge,438,21,21,-2.0591324200913244,1.2079277995216349,-3.2670602196129592,1.0326857778662926,3.163653736341049,shifted,True,
pod,gfs_seamless,3,grid,gauge,438,21,21,0.7682119205298014,0.8515625,-0.08335057947019864,0.036903826084800306,2.2585891034352263,shifted,False,
far,gfs_seamless,3,grid,gauge,438,21,21,0.1076923076923077,0.16153846153846155,-0.05384615384615385,0.018168725148363724,2.963672652123489,shifted,False,
mae_mm,gfs_seamless,4,grid,gauge,438,21,21,7.354337899543379,6.03318376821048,1.3211541313328983,0.5385534399336023,2.4531532683103503,shifted,False,
bias_mm,gfs_seamless,4,grid,gauge,438,21,21,-4.98675799086758,-1.7196977712546204,-3.2670602196129597,1.0217584447137917,3.1974878568565264,shifted,False,
pod,gfs_seamless,4,grid,gauge,438,21,21,0.7086092715231788,0.7421875,-0.03357822847682124,0.025431369709466384,1.320346833868029,robust,False,
far,gfs_seamless,4,grid,gauge,438,21,21,0.10084033613445378,0.20168067226890757,-0.10084033613445378,0.03080457758253731,3.273550363229742,shifted,False,
mae_mm,gfs_seamless,5,grid,gauge,438,21,21,10.629908675799086,8.21026854751033,2.4196401282887567,1.0297111620501616,2.3498241229814756,shifted,False,
bias_mm,gfs_seamless,5,grid,gauge,438,21,21,-8.692009132420091,-5.424948912807132,-3.2670602196129597,1.0188476687647285,3.2066228542035233,shifted,False,
pod,gfs_seamless,5,grid,gauge,438,21,21,0.543046357615894,0.546875,-0.0038286423841059625,0.0348944749138955,0.10972059025256574,robust,False,
far,gfs_seamless,5,grid,gauge,438,21,21,0.10869565217391304,0.2391304347826087,-0.13043478260869568,0.06864556245678559,1.9001196572729406,robust,False,
mae_mm,gfs_seamless,6,grid,gauge,438,21,21,11.387214611872148,8.996846173081103,2.390368438791045,0.999800745500551,2.390844825379986,shifted,False,
bias_mm,gfs_seamless,6,grid,gauge,438,21,21,-8.982191780821918,-5.715131561208958,-3.2670602196129597,1.0113042446086284,3.230541389527443,shifted,False,
pod,gfs_seamless,6,grid,gauge,438,21,21,0.5231788079470199,0.5,0.023178807947019875,0.02596286493059106,0.8927677284069356,robust,False,
far,gfs_seamless,6,grid,gauge,438,21,21,0.19387755102040816,0.3469387755102041,-0.15306122448979592,0.05390884918830852,2.839259728122541,shifted,False,
mae_mm,gfs_seamless,7,grid,gauge,438,21,21,11.640867579908674,9.09704175907806,2.543825820830614,0.9764662271982549,2.605134463410513,shifted,False,
bias_mm,gfs_seamless,7,grid,gauge,438,21,21,-9.784246575342467,-6.517186355729507,-3.2670602196129597,1.0300602783937127,3.1717175083264535,shifted,False,
pod,gfs_seamless,7,grid,gauge,438,21,21,0.33112582781456956,0.328125,0.003000827814569562,0.02016819244689252,0.14879012199389857,robust,False,
far,gfs_seamless,7,grid,gauge,438,21,21,0.24242424242424243,0.36363636363636365,-0.12121212121212122,0.0463486326928342,2.6152253943590744,shifted,False,
mae_mm,icon_seamless,1,grid,gauge,438,21,21,6.3636986301369864,6.021027473363775,0.34267115677321147,0.3226023649066953,1.0622090661744545,robust,False,
bias_mm,icon_seamless,1,grid,gauge,438,21,21,-2.7070776255707765,0.5599825940421832,-3.2670602196129597,1.0314553958653343,3.16742753269721,shifted,True,
pod,icon_seamless,1,grid,gauge,438,21,21,0.8344370860927153,0.8828125,-0.048375413907284726,0.02586499165534221,1.8703046400284906,robust,False,
far,icon_seamless,1,grid,gauge,438,21,21,0.05263157894736842,0.15037593984962405,-0.09774436090225563,0.03361009079532116,2.9081849703263094,shifted,False,
mae_mm,icon_seamless,2,grid,gauge,438,21,21,7.212328767123288,6.71180873015873,0.5005200369645575,0.5109298281073258,0.9796257909205849,robust,False,
bias_mm,icon_seamless,2,grid,gauge,438,21,21,-3.448858447488585,-0.18179822787562527,-3.2670602196129597,1.0504513650931306,3.110148958988986,shifted,False,
pod,icon_seamless,2,grid,gauge,438,21,21,0.7483443708609272,0.765625,-0.0172806291390728,0.018797742756005577,0.9192927769772739,robust,False,
far,icon_seamless,2,grid,gauge,438,21,21,0.08870967741935484,0.20967741935483872,-0.12096774193548387,0.036339580846350465,3.328815003314286,shifted,False,
mae_mm,icon_seamless,3,grid,gauge,438,21,21,6.3780821917808215,6.263242868014785,0.11483932376603612,0.46961047491788627,0.24454165718112728,robust,False,
bias_mm,icon_seamless,3,grid,gauge,438,21,21,-2.9337899543378994,0.33327026527505943,-3.267060219612959,1.0225850536523922,3.1949031603228697,shifted,True,
pod,icon_seamless,3,grid,gauge,438,21,21,0.7880794701986755,0.8203125,-0.032233029801324475,0.015442290400400039,2.0873218263328,shifted,False,
far,icon_seamless,3,grid,gauge,438,21,21,0.0916030534351145,0.1984732824427481,-0.10687022900763359,0.03457409783479443,3.09104895573247,shifted,False,
mae_mm,icon_seamless,4,grid,gauge,438,21,21,7.923287671232877,7.49995593607306,0.4233317351598167,0.6160825889193531,0.6871347166333116,robust,False,
bias_mm,icon_seamless,4,grid,gauge,438,21,21,-2.703652968036529,0.5634072515764296,-3.267060219612959,1.0169597796967793,3.212575644424284,shifted,True,
pod,icon_seamless,4,grid,gauge,438,21,21,0.7615894039735099,0.78125,-0.019660596026490063,0.016022125461009378,1.227090380382745,robust,False,
far,icon_seamless,4,grid,gauge,438,21,21,0.15441176470588236,0.2647058823529412,-0.11029411764705882,0.03530398133574788,3.124126896571235,shifted,False,
mae_mm,icon_seamless,5,grid,gauge,438,21,21,7.369406392694064,6.846404511850403,0.523001880843661,0.48961639911693666,1.0681870169931762,robust,False,
bias_mm,icon_seamless,5,grid,gauge,438,21,21,-3.771689497716895,-0.5046292781039358,-3.2670602196129592,1.0118814185189084,3.228698699097526,shifted,False,
pod,icon_seamless,5,grid,gauge,438,21,21,0.7086092715231788,0.71875,-0.010140728476821237,0.02221424961155037,0.4564965575766526,robust,False,
far,icon_seamless,5,grid,gauge,438,21,21,0.19548872180451127,0.3082706766917293,-0.11278195488721804,0.04338257837763583,2.599706128701615,shifted,False,
mae_mm,icon_seamless,6,grid,gauge,438,21,21,9.097488584474885,8.802615775168515,0.2948728093063693,0.4552636516315401,0.6476967977777843,robust,False,
bias_mm,icon_seamless,6,grid,gauge,438,21,21,-1.2426940639269406,2.0243661556860184,-3.267060219612959,0.9983365339514961,3.2725039187754374,shifted,True,
pod,icon_seamless,6,grid,gauge,438,21,21,0.7880794701986755,0.8046875,-0.016608029801324475,0.02077157648622924,0.7995555759734926,robust,False,
far,icon_seamless,6,grid,gauge,438,21,21,0.30409356725146197,0.39766081871345027,-0.0935672514619883,0.02864040103436688,3.266967224017318,shifted,False,
mae_mm,best_match,1,grid,era5,441,21,21,3.7850340136054417,,-0.08344671201814124,0.36628799526060646,0.22781721786642395,robust,False,3.868480725623583
bias_mm,best_match,1,grid,era5,441,21,21,-1.1886621315192742,,0.23900226757369625,0.7656560093721865,0.31215358417897154,robust,False,-1.4276643990929705
pod,best_match,1,grid,era5,441,21,21,0.9072847682119205,,-0.019381898454746138,0.00985922349434925,1.9658646003769717,robust,False,0.9266666666666666
far,best_match,1,grid,era5,441,21,21,0.06802721088435375,,0.013605442176870756,0.03429731220517534,0.3966912070391844,robust,False,0.05442176870748299
mae_mm,best_match,2,grid,era5,441,21,21,3.9292517006802727,,-0.6526077097505665,0.3918359516126527,1.6655125877670822,robust,False,4.581859410430839
bias_mm,best_match,2,grid,era5,441,21,21,-0.7886621315192746,,0.23900226757369603,0.7633865713612008,0.3130815716964069,robust,False,-1.0276643990929706
pod,best_match,2,grid,era5,441,21,21,0.9072847682119205,,-0.01271523178807954,0.008650901504194834,1.4698158084349828,robust,False,0.92
far,best_match,2,grid,era5,441,21,21,0.08053691275167785,,0.006711409395973145,0.03735805640585022,0.17965092517292058,robust,False,0.0738255033557047
mae_mm,best_match,3,grid,era5,441,21,21,5.644897959183674,,-0.04126984126984112,0.29638419187978593,0.13924440776713307,robust,False,5.686167800453515
bias_mm,best_match,3,grid,era5,441,21,21,-0.8480725623582768,,0.23900226757369625,0.7750600284880772,0.3083661378331199,robust,False,-1.087074829931973
pod,best_match,3,grid,era5,441,21,21,0.9072847682119205,,0.020618101545253786,0.013926458566378822,1.4804985378716375,robust,False,0.8866666666666667
far,best_match,3,grid,era5,441,21,21,0.10457516339869281,,-0.026143790849673207,0.03231547837682218,0.8090176027975644,robust,False,0.13071895424836602
mae_mm,best_match,4,grid,era5,441,21,21,7.0895691609977325,,-0.0036281179138333286,0.3677152588320837,0.009866650422277145,robust,False,7.093197278911566
bias_mm,best_match,4,grid,era5,441,21,21,-1.2333333333333334,,0.23900226757369603,0.7741780206370209,0.3087174541290084,robust,False,-1.4723356009070294
pod,best_match,4,grid,era5,441,21,21,0.8609271523178808,,0.02092715231788078,0.007348412114299535,2.8478468534934094,shifted,False,0.84
far,best_match,4,grid,era5,441,21,21,0.1503267973856209,,-0.02614379084967322,0.03001809447656147,0.8709343915912665,robust,False,0.17647058823529413
mae_mm,best_match,5,grid,era5,441,21,21,7.100453514739228,,-0.09795918367346967,0.34088343749860667,0.28736856326107096,robust,False,7.198412698412698
bias_mm,best_match,5,grid,era5,441,21,21,-1.6823129251700677,,0.23900226757369647,0.7709578395209632,0.31000692297545246,robust,False,-1.9213151927437642
pod,best_match,5,grid,era5,441,21,21,0.8013245033112583,,0.027991169977924946,0.011300647461819585,2.476952765095631,shifted,False,0.7733333333333333
far,best_match,5,grid,era5,441,21,21,0.16551724137931034,,-0.03448275862068967,0.03560426051670758,0.9685009074829223,robust,False,0.2
mae_mm,best_match,6,grid,era5,441,21,21,9.86077097505669,,0.12335600907029587,0.47225382092740137,0.2612070111535617,robust,False,9.737414965986394
bias_mm,best_match,6,grid,era5,441,21,21,-1.1764172335600906,,0.23900226757369603,0.7670344575062177,0.3115926086954948,robust,False,-1.4154195011337867
pod,best_match,6,grid,era5,441,21,21,0.7814569536423841,,0.008123620309050783,0.010833581166290056,0.7498554895520947,robust,False,0.7733333333333333
far,best_match,6,grid,era5,441,21,21,0.2976190476190476,,-0.011904761904761918,0.02986887527243403,0.39856746516829233,robust,False,0.30952380952380953
mae_mm,best_match,7,grid,era5,441,21,21,10.621541950113379,,0.0,0.4763986968785301,0.0,robust,False,10.621541950113379
bias_mm,best_match,7,grid,era5,441,21,21,-1.6360544217687074,,0.2390022675736958,0.7819528892896951,0.30564791159068294,robust,False,-1.8750566893424032
pod,best_match,7,grid,era5,441,21,21,0.7615894039735099,,0.008256070640176638,0.012904841643562839,0.639765358476515,robust,False,0.7533333333333333
far,best_match,7,grid,era5,441,21,21,0.294478527607362,,-0.012269938650306733,0.02958318323765704,0.41476059394068443,robust,False,0.3067484662576687
mae_mm,ecmwf_ifs025,1,grid,era5,441,21,21,3.6276643990929704,,-0.034013605442177575,0.3581606882185014,0.09496744495148797,robust,False,3.661678004535148
bias_mm,ecmwf_ifs025,1,grid,era5,441,21,21,-0.14965986394557815,,0.23900226757369605,0.7991094529652171,0.2990857719012606,robust,False,-0.3886621315192742
pod,ecmwf_ifs025,1,grid,era5,441,21,21,0.9337748344370861,,-0.006225165562913859,0.007502304210512259,0.8297671472973772,robust,False,0.94
far,ecmwf_ifs025,1,grid,era5,441,21,21,0.06622516556291391,,0.0,0.040845017174691876,0.0,robust,False,0.06622516556291391
mae_mm,ecmwf_ifs025,2,grid,era5,441,21,21,4.11859410430839,,-0.33832199546485153,0.33068936744637817,1.0230809598669997,robust,False,4.456916099773242
bias_mm,ecmwf_ifs025,2,grid,era5,441,21,21,-0.4741496598639455,,0.23900226757369625,0.7673572097385889,0.31146155211744964,robust,False,-0.7131519274376418
pod,ecmwf_ifs025,2,grid,era5,441,21,21,0.8940397350993378,,-0.012626931567328858,0.01228511388941745,1.0278237288630963,robust,False,0.9066666666666666
far,ecmwf_ifs025,2,grid,era5,441,21,21,0.08783783783783784,,0.006756756756756757,0.035706494029472145,0.18923047306688048,robust,False,0.08108108108108109
mae_mm,ecmwf_ifs025,3,grid,era5,441,21,21,5.367120181405895,,-0.27210884353741616,0.2866585146548818,0.9492438899469549,robust,False,5.639229024943311
bias_mm,ecmwf_ifs025,3,grid,era5,441,21,21,-0.3448979591836733,,0.23900226757369625,0.7612111836095825,0.3139762955667216,robust,False,-0.5839002267573695
pod,ecmwf_ifs025,3,grid,era5,441,21,21,0.9006622516556292,,-0.012671081677704144,0.011654399137204249,1.087235946575259,robust,False,0.9133333333333333
far,ecmwf_ifs025,3,grid,era5,441,21,21,0.1111111111111111,,0.006535947712418291,0.03292548964359237,0.19850722899394307,robust,False,0.10457516339869281
mae_mm,ecmwf_ifs025,4,grid,era5,441,21,21,7.405895691609977,,0.11519274376417243,0.3717412020231855,0.30987349031326333,robust,False,7.290702947845805
bias_mm,ecmwf_ifs025,4,grid,era5,441,21,21,-1.0108843537414964,,0.23900226757369647,0.7612969074120444,0.313940941105569,robust,False,-1.249886621315193
pod,ecmwf_ifs025,4,grid,era5,441,21,21,0.8079470198675497,,0.014613686534216352,0.011433124790455428,1.278188317022142,robust,False,0.7933333333333333
far,ecmwf_ifs025,4,grid,era5,441,21,21,0.1527777777777778,,-0.020833333333333315,0.03623001407885004,0.5750296781003783,robust,False,0.1736111111111111
mae_mm,ecmwf_ifs025,5,grid,era5,441,21,21,7.25873015873016,,-0.1210884353741486,0.3198144942824059,0.378620849082668,robust,False,7.379818594104308
bias_mm,ecmwf_ifs025,5,grid,era5,441,21,21,-0.7761904761904763,,0.23900226757369603,0.7555957218300688,0.31630971519376455,robust,False,-1.0151927437641723
pod,ecmwf_ifs025,5,grid,era5,441,21,21,0.847682119205298,,0.007682119205298044,0.010725504788742735,0.7162477996710267,robust,False,0.84
far,ecmwf_ifs025,5,grid,era5,441,21,21,0.16883116883116883,,-0.012987012987012991,0.03576292752444018,0.363141775184309,robust,False,0.18181818181818182
mae_mm,ecmwf_ifs025,6,grid,era5,441,21,21,10.15736961451247,,0.3160997732426285,0.4390641090570576,0.7199399056358543,robust,False,9.841269841269842
bias_mm,ecmwf_ifs025,6,grid,era5,441,21,21,-0.7387755102040813,,0.23900226757369658,0.7816858652816684,0.3057523209628152,robust,False,-0.9777777777777779
pod,ecmwf_ifs025,6,grid,era5,441,21,21,0.8079470198675497,,0.0012803532008830443,0.01203558361673803,0.10638064938558042,robust,False,0.8066666666666666
far,ecmwf_ifs025,6,grid,era5,441,21,21,0.2947976878612717,,-0.005780346820809246,0.029511727153121982,0.19586609725746787,robust,False,0.30057803468208094
mae_mm,ecmwf_ifs025,7,grid,era5,441,21,21,10.502947845804988,,-0.10566893424036294,0.5037210172558069,0.2097767030171398,robust,False,10.60861678004535
bias_mm,ecmwf_ifs025,7,grid,era5,441,21,21,-1.263945578231292,,0.23900226757369625,0.7758656430349006,0.30804594805720154,robust,False,-1.5029478458049883
pod,ecmwf_ifs025,7,grid,era5,441,21,21,0.7483443708609272,,0.0016777041942604987,0.014541334875345487,0.11537484066232524,robust,False,0.7466666666666667
far,ecmwf_ifs025,7,grid,era5,441,21,21,0.29375,,-0.006249999999999978,0.03416932275662647,0.18291260978498358,robust,False,0.3
mae_mm,gfs_seamless,1,grid,era5,441,21,21,6.080725623582766,,0.059863945578231714,0.6482131990053461,0.0923522471774568,robust,False,6.020861678004534
bias_mm,gfs_seamless,1,grid,era5,441,21,21,-2.5455782312925166,,0.23900226757369625,0.785081134523654,0.30443002266091934,robust,False,-2.784580498866213
pod,gfs_seamless,1,grid,era5,441,21,21,0.8410596026490066,,-0.0189403973509934,0.021031054766222922,0.900591889542923,robust,False,0.86
far,gfs_seamless,1,grid,era5,441,21,21,0.05223880597014925,,0.01492537313432836,0.02715427603408912,0.5496509321622585,robust,False,0.03731343283582089
mae_mm,gfs_seamless,2,grid,era5,441,21,21,6.240362811791384,,-0.17097505668934243,0.6568294945656793,0.2603035614324805,robust,False,6.411337868480726
bias_mm,gfs_seamless,2,grid,era5,441,21,21,-3.0149659863945577,,0.23900226757369625,0.7713580565617516,0.30984607672216974,robust,False,-3.253968253968254
pod,gfs_seamless,2,grid,era5,441,21,21,0.7350993377483444,,-0.02490066225165566,0.025065469160265277,0.9934249421961399,robust,False,0.76
far,gfs_seamless,2,grid,era5,441,21,21,0.0975609756097561,,0.024390243902439032,0.023692690529262764,1.0294417120889974,robust,False,0.07317073170731707
mae_mm,gfs_seamless,3,grid,era5,441,21,21,6.75578231292517,,0.2226757369614516,0.2894825614731815,0.7692198653633957,robust,False,6.533106575963719
bias_mm,gfs_seamless,3,grid,era5,441,21,21,-2.0528344671201815,,0.23900226757369625,0.7842613705232362,0.304748233888201,robust,False,-2.2918367346938777
pod,gfs_seamless,3,grid,era5,441,21,21,0.7682119205298014,,-0.03845474613686528,0.02481133831229374,1.5498860098897358,robust,False,0.8066666666666666
far,gfs_seamless,3,grid,era5,441,21,21,0.1076923076923077,,0.038461538461538464,0.022726476572692708,1.692366977279374,robust,False,0.06923076923076923
mae_mm,gfs_seamless,4,grid,era5,441,21,21,7.3244897959183675,,-0.35827664399093084,0.7060798017927538,0.5074166448059522,robust,False,7.682766439909298
bias_mm,gfs_seamless,4,grid,era5,441,21,21,-4.95124716553288,,0.2390022675736958,0.8138997913873793,0.2936507296141345,robust,False,-5.190249433106576
pod,gfs_seamless,4,grid,era5,441,21,21,0.7086092715231788,,-0.02472406181015452,0.016958705456735897,1.4578979435210526,robust,False,0.7333333333333333
far,gfs_seamless,4,grid,era5,441,21,21,0.10084033613445378,,0.025210084033613453,0.031241673510195092,0.8069376957475293,robust,False,0.07563025210084033
mae_mm,gfs_seamless,5,grid,era5,441,21,21,10.577551020408162,,-0.24897959183673635,0.7625525283025064,0.3265081192386599,robust,False,10.826530612244898
bias_mm,gfs_seamless,5,grid,era5,441,21,21,-8.634240362811791,,0.2390022675736958,0.7820083327223559,0.30562624152823586,robust,False,-8.873242630385487
pod,gfs_seamless,5,grid,era5,441,21,21,0.543046357615894,,0.003046357615894002,0.017551218336757976,0.17356958117909885,robust,False,0.54
far,gfs_seamless,5,grid,era5,441,21,21,0.10869565217391304,,-0.010869565217391311,0.05338409183471668,0.20361056719002998,robust,False,0.11956521739130435
mae_mm,gfs_seamless,6,grid,era5,441,21,21,11.343537414965986,,-0.30521541950113473,0.7866465039763237,0.3879956472930833,robust,False,11.648752834467121
bias_mm,gfs_seamless,6,grid,era5,441,21,21,-8.907709750566895,,0.2390022675736958,0.7701833369226719,0.31031866844672096,robust,False,-9.14671201814059
pod,gfs_seamless,6,grid,era5,441,21,21,0.5231788079470199,,0.023178807947019875,0.019968352710895605,1.1607771698850504,robust,False,0.5
far,gfs_seamless,6,grid,era5,441,21,21,0.20202020202020202,,-0.040404040404040414,0.046434615722287825,0.8701275928648886,robust,False,0.24242424242424243
mae_mm,gfs_seamless,7,grid,era5,441,21,21,11.606575963718821,,-0.44988662131519064,0.7858988208397064,0.57244852566963,robust,False,12.056462585034012
bias_mm,gfs_seamless,7,grid,era5,441,21,21,-9.672789115646259,,0.23900226757369758,0.7641676082845719,0.31276157871990623,robust,False,-9.911791383219956
pod,gfs_seamless,7,grid,era5,441,21,21,0.33112582781456956,,0.011125827814569555,0.02330475922686411,0.477405825405159,robust,False,0.32
far,gfs_seamless,7,grid,era5,441,21,21,0.2537313432835821,,-0.02985074626865669,0.07167235188147293,0.41648900147747225,robust,False,0.2835820895522388
mae_mm,icon_seamless,1,grid,era5,441,21,21,6.331972789115646,,-0.23401360544217642,0.6864041239958446,0.34092686401690836,robust,False,6.5659863945578225
bias_mm,icon_seamless,1,grid,era5,441,21,21,-2.7002267573696144,,0.23900226757369625,0.7774658545208168,0.3074119154994953,robust,False,-2.9392290249433106
pod,icon_seamless,1,grid,era5,441,21,21,0.8344370860927153,,-0.018896247240618114,0.022405523667978895,0.8433744964249105,robust,False,0.8533333333333334
far,icon_seamless,1,grid,era5,441,21,21,0.05263157894736842,,0.015037593984962405,0.023486792746146613,0.6402574479833806,robust,False,0.03759398496240601
mae_mm,icon_seamless,2,grid,era5,441,21,21,7.170521541950113,,-0.3088435374149654,0.6971429451950443,0.4430132149276189,robust,False,7.4793650793650786
bias_mm,icon_seamless,2,grid,era5,441,21,21,-3.43265306122449,,0.23900226757369625,0.7604254166358903,0.3143007352792578,robust,False,-3.6716553287981863
pod,icon_seamless,2,grid,era5,441,21,21,0.7483443708609272,,-0.01165562913907281,0.016010038321900268,0.7280200649569324,robust,False,0.76
far,icon_seamless,2,grid,era5,441,21,21,0.08870967741935484,,0.008064516129032265,0.024975384128699964,0.32289858235914326,robust,False,0.08064516129032258
mae_mm,icon_seamless,3,grid,era5,441,21,21,6.360997732426305,,-0.31746031746031633,0.6812496910917405,0.46599700757525264,robust,False,6.678458049886621
bias_mm,icon_seamless,3,grid,era5,441,21,21,-2.905215419501134,,0.2390022675736958,0.7946441423272601,0.3007664120869678,robust,False,-3.1442176870748297
pod,icon_seamless,3,grid,era5,441,21,21,0.7880794701986755,,-0.01192052980132452,0.013524406426569859,0.881408723262384,robust,False,0.8
far,icon_seamless,3,grid,era5,441,21,21,0.0916030534351145,,0.007633587786259541,0.02961475157162576,0.25776301948024344,robust,False,0.08396946564885496
mae_mm,icon_seamless,4,grid,era5,441,21,21,7.885714285714285,,-0.19410430839002313,0.6939406823631038,0.2797131128398929,robust,False,8.079818594104308
bias_mm,icon_seamless,4,grid,era5,441,21,21,-2.6807256235827666,,0.2390022675736958,0.770537561078759,0.31017601171718434,robust,False,-2.9197278911564624
pod,icon_seamless,4,grid,era5,441,21,21,0.7615894039735099,,-0.01841059602649009,0.011020286305043304,1.6706095936967351,robust,False,0.78
far,icon_seamless,4,grid,era5,441,21,21,0.15441176470588236,,0.01470588235294118,0.027759621181901263,0.5297580343974265,robust,False,0.13970588235294118
mae_mm,icon_seamless,5,grid,era5,441,21,21,7.4229024943310655,,-0.9020408163265294,0.6868246274755267,1.3133495513142055,robust,False,8.324943310657595
bias_mm,icon_seamless,5,grid,era5,441,21,21,-3.6424036281179135,,0.2390022675736967,0.7902732447541597,0.3024299116289153,robust,False,-3.88140589569161
pod,icon_seamless,5,grid,era5,441,21,21,0.7086092715231788,,0.001942604856512098,0.013721759708581022,0.14157111753657026,robust,False,0.7066666666666667
far,icon_seamless,5,grid,era5,441,21,21,0.2074074074074074,,-0.007407407407407418,0.040598194838080255,0.18245657071578525,robust,False,0.21481481481481482
mae_mm,icon_seamless,6,grid,era5,441,21,21,9.153514739229026,,0.13242630385487608,0.4601445998882134,0.2877928022779089,robust,False,9.02108843537415
bias_mm,icon_seamless,6,grid,era5,441,21,21,-1.135374149659864,,0.23900226757369603,0.7518902452657298,0.31786855738396885,robust,False,-1.37437641723356
pod,icon_seamless,6,grid,era5,441,21,21,0.7880794701986755,,-0.00525386313465781,0.008333764913716771,0.6304309263644254,robust,False,0.7933333333333333
far,icon_seamless,6,grid,era5,441,21,21,0.3081395348837209,,0.0,0.027430369460843193,0.0,robust,False,0.3081395348837209
