city,valid_date,precip_gauge_mm,n_gauges,gauge_sd_mm,precip_grid_mm,precip_era5_mm
andacollo,2026-07-05,0.0,6,0.0,0.0,0.0
andacollo,2026-07-06,0.0,6,0.0,0.0,0.0
andacollo,2026-07-07,0.0,6,0.0,0.0,0.0
andacollo,2026-07-08,0.0,6,0.0,0.0,0.0
andacollo,2026-07-09,0.0,6,0.0,0.0,0.0
andacollo,2026-07-10,0.0,6,0.0,0.0,0.0
andacollo,2026-07-11,0.0,6,0.0,0.0,0.0
andacollo,2026-07-12,0.03333333333333333,6,0.047140452079103175,0.0,0.0
andacollo,2026-07-13,0.06666666666666667,6,0.07453559924999299,0.0,0.0
andacollo,2026-07-14,0.0,5,0.0,0.0,0.0
andacollo,2026-07-15,0.0,5,0.0,2.2,0.0
andacollo,2026-07-16,19.5,6,7.674850704302549,20.5,22.6
andacollo,2026-07-17,49.949999999999996,6,17.080373727371033,75.1,83.0
andacollo,2026-07-18,78.95833333333333,6,29.29437398583936,116.0,95.7
andacollo,2026-07-19,58.175000000000004,6,8.4738691477585,52.1,87.1
andacollo,2026-07-20,31.84166666666667,6,14.542650396525234,62.8,51.1
andacollo,2026-07-21,16.633333333333333,6,5.802489887013065,29.7,43.5
andacollo,2026-07-22,0.05833333333333333,6,0.09316949906249122,0.6,0.0
andacollo,2026-07-23,0.06666666666666667,6,0.11055415967851334,1.4,0.0
andacollo,2026-07-24,0.016666666666666666,6,0.037267799624996496,0.0,0.0
andacollo,2026-07-25,0.0,6,0.0,0.0,0.0
chillan,2026-07-05,0.15000000000000002,2,0.05,0.0,0.0
chillan,2026-07-06,0.2,2,0.0,0.0,0.0
chillan,2026-07-07,0.0,2,0.0,0.0,0.6
chillan,2026-07-08,3.1999999999999997,2,1.4,15.2,18.2
chillan,2026-07-09,5.9,2,0.6999999999999997,7.6,8.4
chillan,2026-07-10,17.200000000000003,2,0.5999999999999996,25.1,42.4
chillan,2026-07-11,0.0,2,0.0,0.0,0.0
chillan,2026-07-12,0.1,2,0.1,0.0,0.0
chillan,2026-07-13,0.15000000000000002,2,0.05,0.0,0.0
chillan,2026-07-14,8.75,2,1.6500000000000004,24.6,13.9
chillan,2026-07-15,64.75,2,4.25,78.6,94.9
chillan,2026-07-16,24.65,2,3.6500000000000004,37.7,53.0
chillan,2026-07-17,27.85,2,5.549999999999999,36.3,53.3
chillan,2026-07-18,10.05,2,0.75,27.0,28.3
chillan,2026-07-19,0.0,2,0.0,7.4,2.5
chillan,2026-07-20,0.2,2,0.2,2.1,6.4
chillan,2026-07-21,16.15,2,3.55,20.1,21.8
chillan,2026-07-22,1.9,2,0.8999999999999999,22.6,9.8
chillan,2026-07-23,13.1,2,1.0999999999999996,33.8,37.4
chillan,2026-07-24,0.2,1,0.0,10.1,1.0
chillan,2026-07-25,7.0,2,0.5999999999999996,25.6,14.2
combarbala,2026-07-05,0.0,2,0.0,0.0,0.0
combarbala,2026-07-06,0.0,2,0.0,0.0,0.0
combarbala,2026-07-07,0.0,2,0.0,0.0,0.0
combarbala,2026-07-08,0.0,2,0.0,0.0,0.0
combarbala,2026-07-09,0.0,2,0.0,0.0,0.0
combarbala,2026-07-10,0.0,2,0.0,0.0,0.0
combarbala,2026-07-11,0.0,2,0.0,0.0,0.0
combarbala,2026-07-12,0.0,2,0.0,0.0,0.0
combarbala,2026-07-13,0.0,2,0.0,0.0,0.0
combarbala,2026-07-14,0.0,2,0.0,0.0,0.0
combarbala,2026-07-15,0.0,2,0.0,0.1,0.7
combarbala,2026-07-16,34.55,2,0.05000000000000071,36.2,35.9
combarbala,2026-07-17,102.5,2,3.4000000000000057,125.4,123.8
combarbala,2026-07-18,56.099999999999994,2,0.1999999999999993,69.6,90.0
combarbala,2026-07-19,32.95,2,0.34999999999999787,32.9,66.9
combarbala,2026-07-20,51.150000000000006,2,2.0500000000000007,53.8,57.0
combarbala,2026-07-21,26.7,2,0.5,36.0,46.9
combarbala,2026-07-22,0.0,1,0.0,0.0,0.0
combarbala,2026-07-23,0.05,2,0.05,1.2,6.3
combarbala,2026-07-24,0.0,1,0.0,0.0,0.5
combarbala,2026-07-25,0.05,2,0.05,0.2,0.4
concepcion,2026-07-05,0.0,1,0.0,0.0,0.0
concepcion,2026-07-06,0.2,1,0.0,0.9,0.0
concepcion,2026-07-07,0.0,1,0.0,1.1,1.5
concepcion,2026-07-08,4.2,1,0.0,14.3,5.6
concepcion,2026-07-09,4.4,1,0.0,7.2,2.6
concepcion,2026-07-10,13.0,1,0.0,19.6,16.9
concepcion,2026-07-11,0.0,1,0.0,0.0,0.0
concepcion,2026-07-12,0.0,1,0.0,0.0,0.0
concepcion,2026-07-13,2.8,1,0.0,1.7,0.1
concepcion,2026-07-14,31.4,1,0.0,37.0,29.8
concepcion,2026-07-15,26.0,1,0.0,28.5,31.0
concepcion,2026-07-16,38.2,1,0.0,42.5,38.0
concepcion,2026-07-17,7.8,1,0.0,9.9,18.2
concepcion,2026-07-18,26.6,1,0.0,19.3,14.5
concepcion,2026-07-19,0.0,1,0.0,0.0,0.6
concepcion,2026-07-20,0.2,1,0.0,0.8,0.8
concepcion,2026-07-21,29.0,1,0.0,22.0,20.2
concepcion,2026-07-22,3.4,1,0.0,17.5,8.7
concepcion,2026-07-23,26.6,1,0.0,23.4,24.6
concepcion,2026-07-24,1.0,1,0.0,0.8,1.5
concepcion,2026-07-25,12.2,1,0.0,13.1,6.5
coquimbo,2026-07-05,0.0,7,0.0,0.0,0.0
coquimbo,2026-07-06,0.028571428571428574,7,0.06998542122237653,0.0,0.0
coquimbo,2026-07-07,0.014285714285714287,7,0.03499271061118826,0.0,0.0
coquimbo,2026-07-08,0.0,7,0.0,0.0,0.0
coquimbo,2026-07-09,0.042857142857142864,7,0.07284313590846836,0.0,0.0
coquimbo,2026-07-10,0.0,7,0.0,0.0,0.0
coquimbo,2026-07-11,0.0,7,0.0,0.0,0.0
coquimbo,2026-07-12,0.028571428571428574,7,0.04517539514526256,0.0,0.0
coquimbo,2026-07-13,0.06485714285714286,7,0.08869760597740194,0.0,0.1
coquimbo,2026-07-14,0.109,6,0.1598071754751123,0.1,0.0
coquimbo,2026-07-15,0.0,6,0.0,0.4,0.1
coquimbo,2026-07-16,11.396285714285714,7,6.238619117224253,28.1,27.8
coquimbo,2026-07-17,28.748857142857144,7,8.180623927105724,90.5,67.3
coquimbo,2026-07-18,39.27057142857143,7,11.996232585478575,86.0,57.9
coquimbo,2026-07-19,67.30228571428572,7,13.847798274860322,58.3,93.9
coquimbo,2026-07-20,16.440285714285714,7,12.073625112075442,17.9,23.4
coquimbo,2026-07-21,19.027,6,4.411633673217516,16.9,21.4
coquimbo,2026-07-22,0.0,6,0.0,0.0,0.0
coquimbo,2026-07-23,0.0,6,0.0,0.4,0.0
coquimbo,2026-07-24,0.0,7,0.0,0.0,0.0
coquimbo,2026-07-25,0.0,7,0.0,0.0,0.0
curico,2026-07-05,0.6,1,0.0,0.0,1.0
curico,2026-07-06,0.2,1,0.0,0.0,0.0
curico,2026-07-07,0.2,1,0.0,0.0,0.0
curico,2026-07-08,10.0,1,0.0,20.5,9.3
curico,2026-07-10,5.4,1,0.0,26.6,10.6
curico,2026-07-11,0.2,1,0.0,0.0,0.0
curico,2026-07-12,0.0,1,0.0,0.0,0.0
curico,2026-07-13,0.4,1,0.0,0.0,0.0
curico,2026-07-14,0.0,1,0.0,6.2,2.1
curico,2026-07-15,0.4,1,0.0,1.7,1.0
curico,2026-07-16,45.8,1,0.0,42.9,41.5
curico,2026-07-17,60.0,1,0.0,72.0,69.2
curico,2026-07-18,7.2,1,0.0,34.9,18.2
curico,2026-07-19,0.4,1,0.0,4.0,0.7
curico,2026-07-20,23.2,1,0.0,19.4,19.2
curico,2026-07-21,35.2,1,0.0,21.2,18.0
curico,2026-07-22,0.0,1,0.0,0.0,0.0
curico,2026-07-23,10.6,1,0.0,15.6,23.3
curico,2026-07-24,0.0,1,0.0,2.1,1.3
curico,2026-07-25,8.4,1,0.0,29.3,17.5
illapel,2026-07-05,0.0,3,0.0,0.0,0.0
illapel,2026-07-06,0.0,3,0.0,0.0,0.0
illapel,2026-07-07,0.0,3,0.0,0.0,0.0
illapel,2026-07-08,0.0,3,0.0,0.0,0.0
illapel,2026-07-09,0.0,3,0.0,0.0,0.0
illapel,2026-07-10,0.0,3,0.0,0.2,0.2
illapel,2026-07-11,0.0,3,0.0,0.0,0.0
illapel,2026-07-12,0.0,3,0.0,0.0,0.0
illapel,2026-07-13,0.0,3,0.0,0.0,0.0
illapel,2026-07-14,0.0,3,0.0,0.0,0.0
illapel,2026-07-15,0.03333333333333333,3,0.047140452079103175,1.4,2.0
illapel,2026-07-16,32.96666666666667,3,10.319022348179221,44.2,39.4
illapel,2026-07-17,78.3,3,26.00307674103201,87.5,79.3
illapel,2026-07-18,59.86666666666667,3,4.4529640565458095,45.1,40.9
illapel,2026-07-19,21.8,3,8.963258336118624,22.6,40.5
illapel,2026-07-20,33.56666666666667,3,3.1647362537114465,60.7,64.8
illapel,2026-07-21,38.833333333333336,3,6.343675765849182,24.7,46.5
illapel,2026-07-22,0.03333333333333333,3,0.047140452079103175,0.0,0.0
illapel,2026-07-23,0.03333333333333333,3,0.047140452079103175,0.9,4.8
illapel,2026-07-24,0.0,3,0.0,0.0,0.2
illapel,2026-07-25,0.20000000000000004,3,0.16329931618554522,0.1,0.2
la_serena,2026-07-05,0.0,7,0.0,0.0,0.0
la_serena,2026-07-06,0.028571428571428574,7,0.06998542122237653,0.0,0.0
la_serena,2026-07-07,0.014285714285714287,7,0.03499271061118826,0.0,0.0
la_serena,2026-07-08,0.0,7,0.0,0.0,0.0
la_serena,2026-07-09,0.042857142857142864,7,0.07284313590846836,0.0,0.0
la_serena,2026-07-10,0.0,7,0.0,0.0,0.0
la_serena,2026-07-11,0.0,7,0.0,0.0,0.0
la_serena,2026-07-12,0.028571428571428574,7,0.04517539514526256,0.0,0.0
la_serena,2026-07-13,0.06485714285714286,7,0.08869760597740194,0.0,0.1
la_serena,2026-07-14,0.109,6,0.1598071754751123,0.6,0.0
la_serena,2026-07-15,0.0,6,0.0,0.0,0.1
la_serena,2026-07-16,11.396285714285714,7,6.238619117224253,23.3,27.8
la_serena,2026-07-17,28.748857142857144,7,8.180623927105724,102.8,67.3
la_serena,2026-07-18,39.27057142857143,7,11.996232585478575,74.2,57.9
la_serena,2026-07-19,67.30228571428572,7,13.847798274860322,59.9,93.9
la_serena,2026-07-20,16.440285714285714,7,12.073625112075442,24.1,23.4
la_serena,2026-07-21,19.027,6,4.411633673217516,25.9,21.4
la_serena,2026-07-22,0.0,6,0.0,0.2,0.0
la_serena,2026-07-23,0.0,6,0.0,0.1,0.0
la_serena,2026-07-24,0.0,7,0.0,0.0,0.0
la_serena,2026-07-25,0.0,7,0.0,0.0,0.0
los_vilos,2026-07-05,0.15,2,0.15,0.0,0.0
los_vilos,2026-07-06,0.0,2,0.0,0.0,0.0
los_vilos,2026-07-07,0.0,2,0.0,0.0,0.0
los_vilos,2026-07-08,0.0,2,0.0,0.0,0.0
los_vilos,2026-07-09,0.0,2,0.0,0.0,0.0
los_vilos,2026-07-10,0.0,2,0.0,0.0,0.3
los_vilos,2026-07-11,0.05,2,0.05,0.0,0.0
los_vilos,2026-07-12,0.0,2,0.0,0.0,0.0
los_vilos,2026-07-13,0.05,2,0.05,0.0,0.0
los_vilos,2026-07-14,0.0,2,0.0,0.0,0.0
los_vilos,2026-07-15,0.05,2,0.05,0.7,2.0
los_vilos,2026-07-16,33.0,2,15.399999999999999,42.9,44.1
los_vilos,2026-07-17,68.15,2,25.949999999999996,82.0,67.6
los_vilos,2026-07-18,6.4,2,1.6999999999999997,58.7,16.6
los_vilos,2026-07-19,5.15,2,2.5500000000000003,9.8,19.6
los_vilos,2026-07-20,31.8,2,21.9,63.1,65.4
los_vilos,2026-07-21,17.5,2,8.9,31.0,51.0
los_vilos,2026-07-22,0.0,2,0.0,0.0,0.0
los_vilos,2026-07-23,0.0,2,0.0,0.4,1.5
los_vilos,2026-07-24,0.0,2,0.0,0.0,0.1
los_vilos,2026-07-25,0.0,2,0.0,0.0,0.0
monte_patria,2026-07-05,0.0,5,0.0,0.0,0.0
monte_patria,2026-07-06,0.0,5,0.0,0.0,0.0
monte_patria,2026-07-07,0.0,5,0.0,0.0,0.0
monte_patria,2026-07-08,0.0,5,0.0,0.0,0.0
monte_patria,2026-07-09,0.0,5,0.0,0.0,0.0
monte_patria,2026-07-10,0.0,5,0.0,0.0,0.0
monte_patria,2026-07-11,0.0,5,0.0,0.0,0.0
monte_patria,2026-07-12,0.0,5,0.0,0.0,0.0
monte_patria,2026-07-13,0.04,5,0.08,0.0,0.0
monte_patria,2026-07-14,0.0,5,0.0,0.0,0.0
monte_patria,2026-07-15,0.0,5,0.0,0.5,0.1
monte_patria,2026-07-16,23.91,5,11.566520652296436,20.6,31.6
monte_patria,2026-07-17,47.4604,5,8.598587828242495,81.8,79.0
monte_patria,2026-07-18,83.1372,5,14.070724763138537,98.2,102.1
monte_patria,2026-07-19,47.4724,5,8.630133662927824,53.6,78.5
monte_patria,2026-07-20,41.8308,5,18.205485836966837,79.0,72.3
monte_patria,2026-07-21,15.7645,4,2.7132785979327667,29.5,39.9
monte_patria,2026-07-22,0.0,5,0.0,0.0,0.1
monte_patria,2026-07-23,1.2788,5,0.8820191381143608,0.4,1.1
monte_patria,2026-07-24,0.0,5,0.0,0.0,0.1
monte_patria,2026-07-25,0.0,5,0.0,0.0,0.0
osorno,2026-07-05,0.1,1,0.0,0.0,0.0
osorno,2026-07-06,4.6,1,0.0,8.0,4.4
osorno,2026-07-07,70.6,1,0.0,69.2,58.0
osorno,2026-07-08,19.3,1,0.0,34.3,27.1
osorno,2026-07-09,0.1,1,0.0,0.0,0.0
osorno,2026-07-10,1.7,1,0.0,3.5,1.9
osorno,2026-07-11,0.1,1,0.0,0.0,0.1
osorno,2026-07-12,0.0,1,0.0,0.0,0.0
osorno,2026-07-13,4.9,1,0.0,10.8,10.6
osorno,2026-07-14,15.7,1,0.0,16.2,19.7
osorno,2026-07-15,15.9,1,0.0,26.4,9.1
osorno,2026-07-16,27.1,1,0.0,33.5,33.4
osorno,2026-07-17,0.5,1,0.0,1.7,3.9
osorno,2026-07-18,0.0,1,0.0,0.0,0.0
osorno,2026-07-19,0.0,1,0.0,0.0,0.0
osorno,2026-07-20,0.0,1,0.0,0.0,0.0
osorno,2026-07-21,0.2,1,0.0,0.0,0.0
osorno,2026-07-22,3.5,1,0.0,6.5,3.4
osorno,2026-07-23,28.5,1,0.0,27.0,23.2
osorno,2026-07-24,15.9,1,0.0,12.1,13.7
osorno,2026-07-25,22.0,1,0.0,20.1,21.9
ovalle,2026-07-05,0.0,4,0.0,0.0,0.0
ovalle,2026-07-06,0.0,4,0.0,0.0,0.0
ovalle,2026-07-07,0.0,4,0.0,0.0,0.0
ovalle,2026-07-08,0.0,4,0.0,0.0,0.0
ovalle,2026-07-09,0.0,4,0.0,0.0,0.0
ovalle,2026-07-10,0.0,4,0.0,0.0,0.0
ovalle,2026-07-11,0.0,4,0.0,0.0,0.0
ovalle,2026-07-12,0.0,4,0.0,0.0,0.0
ovalle,2026-07-13,0.1,4,0.07071067811865477,0.0,0.0
ovalle,2026-07-14,0.0,4,0.0,0.0,0.0
ovalle,2026-07-15,0.0,4,0.0,0.5,0.2
ovalle,2026-07-16,17.0,4,5.342284155677232,35.0,33.5
ovalle,2026-07-17,46.2,4,5.425403210822216,76.4,75.0
ovalle,2026-07-18,68.35,4,7.928587516071198,73.1,88.7
ovalle,2026-07-19,37.475,4,5.738630063002843,45.1,93.1
ovalle,2026-07-20,28.925,4,15.458391733941797,42.9,55.3
ovalle,2026-07-21,14.325,4,3.019416334326884,33.4,51.4
ovalle,2026-07-22,0.0,4,0.0,0.0,0.3
ovalle,2026-07-23,1.4,4,0.758287544405155,1.1,0.7
ovalle,2026-07-24,0.0,4,0.0,0.0,0.0
ovalle,2026-07-25,0.0,4,0.0,0.0,0.0
puerto_montt,2026-07-05,0.0,3,0.0,0.0,0.0
puerto_montt,2026-07-06,10.5,3,1.5121728296285006,11.9,12.3
puerto_montt,2026-07-07,43.76666666666667,3,6.15918465022405,57.2,55.2
puerto_montt,2026-07-08,31.366666666666664,3,3.8055515004033547,54.2,65.4
puerto_montt,2026-07-09,0.3666666666666667,3,0.16996731711975946,0.0,0.2
puerto_montt,2026-07-10,0.0,3,0.0,0.0,0.0
puerto_montt,2026-07-11,0.0,3,0.0,0.0,0.0
puerto_montt,2026-07-12,1.366666666666667,3,0.32998316455372223,3.5,0.5
puerto_montt,2026-07-13,8.700000000000001,3,1.667333200053307,15.0,17.0
puerto_montt,2026-07-14,9.466666666666667,3,1.8006171781426008,15.8,19.9
puerto_montt,2026-07-15,9.966666666666667,3,5.122716293356701,8.1,9.7
puerto_montt,2026-07-16,27.733333333333334,3,4.713338048088167,24.2,26.6
puerto_montt,2026-07-17,2.8333333333333335,3,1.391242450313947,3.9,5.3
puerto_montt,2026-07-18,0.0,3,0.0,0.6,0.0
puerto_montt,2026-07-19,0.0,3,0.0,0.0,0.0
puerto_montt,2026-07-20,0.03333333333333333,3,0.047140452079103175,0.0,0.0
puerto_montt,2026-07-21,0.1,2,0.1,0.0,0.0
puerto_montt,2026-07-22,2.95,2,0.15000000000000013,8.5,7.3
puerto_montt,2026-07-23,18.266666666666666,3,0.2054804667656326,20.7,14.9
puerto_montt,2026-07-24,5.266666666666667,3,0.694422221866655,15.1,12.1
puerto_montt,2026-07-25,13.433333333333332,3,3.352942323127885,17.8,14.1
rancagua,2026-07-05,0.2,1,0.0,1.1,0.8
rancagua,2026-07-06,0.05,2,0.05,0.0,0.0
rancagua,2026-07-07,0.0,2,0.0,0.0,0.0
rancagua,2026-07-08,0.35,2,0.35,1.0,4.3
rancagua,2026-07-09,1.45,2,0.25,7.0,3.5
rancagua,2026-07-10,0.6000000000000001,2,0.5,6.0,3.1
rancagua,2026-07-11,0.05,2,0.05,0.0,0.0
rancagua,2026-07-12,0.0,2,0.0,0.0,0.0
rancagua,2026-07-13,0.0,2,0.0,0.0,0.0
rancagua,2026-07-14,0.0,2,0.0,0.0,0.1
rancagua,2026-07-15,0.05,2,0.05,1.9,1.8
rancagua,2026-07-16,17.35,2,14.15,32.0,42.1
rancagua,2026-07-17,42.8,2,37.0,83.8,61.9
rancagua,2026-07-18,10.75,2,5.55,9.6,18.5
rancagua,2026-07-19,1.35,2,1.35,0.3,2.2
rancagua,2026-07-20,11.9,2,9.1,31.0,32.3
rancagua,2026-07-21,8.85,2,5.35,14.6,26.1
rancagua,2026-07-22,14.8,2,14.8,0.0,0.0
rancagua,2026-07-23,25.9,2,16.700000000000003,19.9,15.7
rancagua,2026-07-24,11.05,2,9.450000000000001,2.8,2.6
rancagua,2026-07-25,16.45,2,11.95,12.1,23.0
salamanca,2026-07-05,0.0,3,0.0,0.0,0.0
salamanca,2026-07-06,0.0,3,0.0,0.0,0.0
salamanca,2026-07-07,0.0,3,0.0,0.0,0.0
salamanca,2026-07-08,0.0,3,0.0,0.0,0.0
salamanca,2026-07-09,0.0,3,0.0,0.0,0.0
salamanca,2026-07-10,0.0,3,0.0,0.0,0.5
salamanca,2026-07-11,0.0,3,0.0,0.0,0.0
salamanca,2026-07-12,0.0,3,0.0,0.0,0.0
salamanca,2026-07-13,0.0,3,0.0,0.0,0.0
salamanca,2026-07-14,0.0,3,0.0,0.0,0.0
salamanca,2026-07-15,0.0,3,0.0,1.0,2.1
salamanca,2026-07-16,32.03333333333334,3,9.260789503180721,26.9,37.8
salamanca,2026-07-17,98.10000000000001,3,15.509996776273038,99.0,91.9
salamanca,2026-07-18,54.800000000000004,3,4.13843770844345,49.1,65.0
salamanca,2026-07-19,26.133333333333336,3,5.1860925132083375,28.0,51.6
salamanca,2026-07-20,39.36666666666667,3,9.631314667386908,81.1,44.0
salamanca,2026-07-21,36.06666666666667,3,9.04114053768783,24.7,32.7
salamanca,2026-07-22,0.03333333333333333,3,0.047140452079103175,0.3,0.1
salamanca,2026-07-23,0.46666666666666673,3,0.590668171555645,1.9,8.3
salamanca,2026-07-24,0.0,3,0.0,0.0,0.9
salamanca,2026-07-25,0.43333333333333335,3,0.20548046676563253,0.8,0.8
santiago,2026-07-05,1.6833333333333333,6,1.1667857082124757,1.5,0.4
santiago,2026-07-06,0.04,5,0.04898979485566357,0.0,0.0
santiago,2026-07-07,0.0,6,0.0,0.0,0.0
santiago,2026-07-08,0.0,5,0.0,0.0,0.0
santiago,2026-07-09,0.0,5,0.0,0.0,0.0
santiago,2026-07-10,0.6166666666666666,6,0.38908725099762503,0.8,3.7
santiago,2026-07-11,0.0,5,0.0,0.0,0.0
santiago,2026-07-12,0.0,5,0.0,0.0,0.0
santiago,2026-07-13,0.0,5,0.0,0.0,0.0
santiago,2026-07-14,0.0,5,0.0,0.0,0.0
santiago,2026-07-15,0.0,5,0.0,1.0,0.6
santiago,2026-07-16,17.083333333333332,6,2.5874161285387056,31.0,38.8
santiago,2026-07-17,66.96666666666667,6,24.213747243158284,67.8,46.8
santiago,2026-07-18,8.48,5,2.1150886506243656,7.7,12.4
santiago,2026-07-19,0.04,5,0.048989794855663564,1.8,4.8
santiago,2026-07-20,18.9,6,4.188874152641335,20.0,24.6
santiago,2026-07-21,8.483333333333333,6,2.616878972278916,9.8,21.4
santiago,2026-07-22,0.06666666666666667,6,0.047140452079103175,0.0,0.0
santiago,2026-07-23,3.5500000000000003,6,1.4974979131871937,7.3,4.3
santiago,2026-07-24,0.10000000000000002,6,0.08164965809277261,0.1,0.4
santiago,2026-07-25,4.2,6,2.6845235455601175,5.5,7.3
talca,2026-07-05,0.1,1,0.0,0.0,0.0
talca,2026-07-06,0.3,1,0.0,0.0,0.0
talca,2026-07-07,0.0,1,0.0,0.0,0.0
talca,2026-07-08,6.1,1,0.0,5.9,25.9
talca,2026-07-09,7.3,1,0.0,5.1,3.5
talca,2026-07-10,17.6,1,0.0,22.9,24.6
talca,2026-07-11,0.0,1,0.0,0.0,0.0
talca,2026-07-12,0.2,1,0.0,0.0,0.0
talca,2026-07-13,0.3,1,0.0,0.0,0.0
talca,2026-07-14,0.0,1,0.0,1.3,1.9
talca,2026-07-15,0.4,1,0.0,14.9,18.7
talca,2026-07-16,61.7,1,0.0,60.8,49.6
talca,2026-07-17,40.8,1,0.0,77.2,48.2
talca,2026-07-18,20.4,1,0.0,16.2,22.6
talca,2026-07-19,4.8,1,0.0,0.4,0.8
talca,2026-07-20,6.6,1,0.0,12.4,13.7
talca,2026-07-21,2.6,1,0.0,23.0,26.9
talca,2026-07-22,2.0,1,0.0,10.3,0.9
talca,2026-07-23,1.3,1,0.0,19.3,20.0
talca,2026-07-24,4.1,1,0.0,0.5,1.0
talca,2026-07-25,22.7,1,0.0,11.7,13.8
temuco,2026-07-05,0.025,4,0.04330127018922194,0.0,0.0
temuco,2026-07-06,0.6,4,0.4636809247747852,0.6,0.0
temuco,2026-07-07,15.25,4,9.660615922393355,16.3,35.8
temuco,2026-07-08,10.125,4,3.3184145310675097,15.0,23.0
temuco,2026-07-09,1.175,4,0.4763139720814412,1.5,3.2
temuco,2026-07-10,16.475,4,2.633794790791416,20.8,23.8
temuco,2026-07-11,0.17500000000000002,4,0.04330127018922194,0.0,0.0
temuco,2026-07-12,0.05,4,0.05,0.0,0.0
temuco,2026-07-13,1.725,4,1.5022899187573615,5.1,5.3
temuco,2026-07-14,20.85,4,2.5831182706178972,16.2,35.0
temuco,2026-07-15,17.225,4,2.6752336346569807,14.1,30.4
temuco,2026-07-16,7.675,4,3.1783446949630867,27.0,30.2
temuco,2026-07-17,0.07500000000000001,4,0.082915619758885,0.6,3.1
temuco,2026-07-18,15.849999999999998,4,0.6946221994724899,9.9,16.7
temuco,2026-07-19,1.275,4,0.8042853971072706,0.8,1.9
temuco,2026-07-20,0.1,4,0.07071067811865477,0.0,0.0
temuco,2026-07-21,2.55,4,0.32015621187164234,5.2,6.4
temuco,2026-07-22,1.725,4,0.28613807855649,10.3,15.0
temuco,2026-07-23,7.65,4,2.6291633650269812,19.2,22.3
temuco,2026-07-24,8.575,4,6.620186930895532,3.7,14.5
temuco,2026-07-25,4.175,4,2.5655165171949292,10.4,12.7
valdivia,2026-07-05,0.2,1,0.0,0.0,0.0
valdivia,2026-07-06,4.6,1,0.0,4.3,1.3
valdivia,2026-07-07,173.9,1,0.0,127.0,95.5
valdivia,2026-07-08,36.0,1,0.0,37.6,42.2
valdivia,2026-07-09,0.6,1,0.0,0.3,0.1
valdivia,2026-07-10,6.5,1,0.0,3.6,6.7
valdivia,2026-07-11,0.1,1,0.0,0.0,0.3
valdivia,2026-07-12,0.0,1,0.0,0.6,0.5
valdivia,2026-07-13,14.3,1,0.0,19.7,15.8
valdivia,2026-07-14,29.3,1,0.0,22.4,25.4
valdivia,2026-07-15,22.1,1,0.0,17.6,15.3
valdivia,2026-07-16,45.0,1,0.0,34.8,39.7
valdivia,2026-07-18,0.0,1,0.0,0.3,0.4
valdivia,2026-07-20,0.0,1,0.0,0.0,0.0
valdivia,2026-07-21,0.0,1,0.0,0.0,0.0
valdivia,2026-07-22,8.4,1,0.0,14.6,6.3
valdivia,2026-07-23,26.4,1,0.0,40.3,27.5
valdivia,2026-07-24,49.4,1,0.0,48.8,25.5
valdivia,2026-07-25,39.7,1,0.0,40.0,29.4
valparaiso,2026-07-05,0.10000000000000002,3,1.3877787807814457e-17,0.4,0.7
valparaiso,2026-07-06,0.0,3,0.0,0.0,0.0
valparaiso,2026-07-07,0.0,3,0.0,0.0,0.0
valparaiso,2026-07-08,0.0,3,0.0,0.5,0.3
valparaiso,2026-07-09,0.0,3,0.0,0.0,0.1
valparaiso,2026-07-10,0.0,3,0.0,4.9,0.5
valparaiso,2026-07-11,0.0,3,0.0,0.0,0.0
valparaiso,2026-07-12,0.09999999999999999,3,0.1414213562373095,0.0,0.0
valparaiso,2026-07-13,0.09999999999999999,3,0.1414213562373095,0.0,0.0
valparaiso,2026-07-14,0.03333333333333333,3,0.047140452079103175,0.4,0.0
valparaiso,2026-07-15,0.0,3,0.0,1.7,1.0
valparaiso,2026-07-16,56.53333333333333,3,10.2600628111571,50.2,49.0
valparaiso,2026-07-17,105.25,2,1.75,93.0,67.5
valparaiso,2026-07-18,1.95,2,0.34999999999999987,24.9,14.6
valparaiso,2026-07-19,1.2,3,0.45460605656619524,5.3,3.5
valparaiso,2026-07-20,26.96666666666667,3,3.242769735204082,29.9,28.5
valparaiso,2026-07-21,38.03333333333333,3,6.2189674026767126,45.6,31.9
valparaiso,2026-07-22,0.0,3,0.0,0.0,0.0
valparaiso,2026-07-23,4.966666666666667,3,3.429609631171195,24.0,2.3
valparaiso,2026-07-24,0.03333333333333333,3,0.047140452079103175,0.2,0.0
valparaiso,2026-07-25,0.16666666666666666,3,0.1247219128924647,0.0,0.3
vicuna,2026-07-05,0.0,5,0.0,0.0,0.0
vicuna,2026-07-06,0.0,5,0.0,0.0,0.0
vicuna,2026-07-07,0.0,5,0.0,0.0,0.0
vicuna,2026-07-08,0.0,5,0.0,0.0,0.0
vicuna,2026-07-09,0.0,5,0.0,0.0,0.0
vicuna,2026-07-10,0.0,5,0.0,0.0,0.0
vicuna,2026-07-11,0.0,5,0.0,0.0,0.0
vicuna,2026-07-12,0.0,5,0.0,0.0,0.0
vicuna,2026-07-13,0.0,5,0.0,0.0,0.0
vicuna,2026-07-14,0.02,5,0.04,0.0,0.0
vicuna,2026-07-15,0.0,5,0.0,0.0,1.0
vicuna,2026-07-16,18.759999999999998,5,5.027762922016112,6.1,17.3
vicuna,2026-07-17,44.379999999999995,5,21.542553237719986,52.7,51.5
vicuna,2026-07-18,67.0,5,18.3063923261794,67.6,91.9
vicuna,2026-07-19,54.239999999999995,5,15.710582420776133,70.8,69.4
vicuna,2026-07-20,19.44,5,10.728765073390322,46.8,27.4
vicuna,2026-07-21,15.819999999999999,5,5.956307581043813,23.1,30.0
vicuna,2026-07-22,1.0,5,1.9503845774615836,0.0,0.0
vicuna,2026-07-23,0.2,5,0.3033150177620621,1.3,0.1
vicuna,2026-07-24,0.0,5,0.0,0.1,0.0
vicuna,2026-07-25,0.0,5,0.0,0.0,0.0
