#Datos provistos por CEAZA a traves del sistema CEAZA-Met, generados el:2026-08-08 01:38:18
#Para consultas, contactar con Cristian Orrego al mail cristian.orrego@ceaza.cl.
#Revisar condiciones de uso en www.ceazamet.cl
#Params , start_date: 2026-08-01 00:00:00, end_date: 2026-08-08 01:38:20, gmt: gmt-4
#e_cod,s_cod,tf_nombre,um_notacion,s_altura,s_ultima_lectura,
UCNG,UCNGTA2,Temperatura del Aire,°C,1.5,2026-08-08 01:00:00,
UCNG,UCNGHR,Humedad Relativa,%,1.5,2026-08-08 01:00:00,
UCNG,UCNGVV,Velocidad de Viento,m/s,2,2026-08-08 01:00:00,
UCNG,UCNGDV,Dirección de viento,°,2,2026-08-08 01:00:00,
UCNG,UCNGshf7,Horas Frio Base 7,hf,2,2026-08-05 00:00:00,
UCNG,UCNGsufu,Unidades de Frio Utah,hf,2,2026-08-05 23:00:00,
UCNG,UCNGsgd10,Grados Dia Base 10,gd,2,2026-08-05 00:00:00,
UCNG,UCNGBT,Batería,V,1.5,2026-08-08 01:00:00,
